employee_id,employee_name,state,pay_type,task_code,week_ending,shift_hours,regular_hours,ot_hours,double_time_hours,pieces_completed,piece_rate_usd,hourly_rate,meal_break_taken
MRS001,Emily Lane,FL,hourly,,2025-05-16,7.4,37.0,0.0,0.0,,,19.69,True
MRS001,Emily Lane,FL,hourly,,2025-05-23,8.3,40.0,1.5,0.0,,,19.69,True
MRS001,Emily Lane,FL,hourly,,2025-05-30,9.8,40.0,9.0,0.0,,,19.69,True
MRS001,Emily Lane,FL,hourly,,2025-06-06,8.8,40.0,4.0,0.0,,,19.69,True
MRS002,Julie Brown,CA,hourly,,2025-05-16,9.3,40.0,6.5,0.0,,,26.81,True
MRS002,Julie Brown,CA,hourly,,2025-05-23,7.7,38.5,0.0,0.0,,,26.81,True
MRS002,Julie Brown,CA,hourly,,2025-05-30,8.5,40.0,2.5,0.0,,,26.81,True
MRS002,Julie Brown,CA,hourly,,2025-06-06,7.6,38.0,0.0,0.0,,,26.81,True
MRS003,Anthony Holden,CA,piece_rate,shingle_install,2025-05-16,8.4,40.0,2.0,0.0,105.0,2.8,,False
MRS003,Anthony Holden,CA,piece_rate,shingle_install,2025-05-23,10.0,40.0,10.0,0.0,103.0,2.8,,True
MRS003,Anthony Holden,CA,piece_rate,shingle_install,2025-05-30,7.4,37.0,0.0,0.0,136.0,2.8,,False
MRS003,Anthony Holden,CA,piece_rate,shingle_install,2025-06-06,9.5,40.0,7.5,0.0,95.0,2.8,,True
MRS004,Timothy Horne,CA,piece_rate,tear_off,2025-05-16,8.8,40.0,4.0,0.0,126.0,1.8,,True
MRS004,Timothy Horne,CA,piece_rate,tear_off,2025-05-23,10.7,40.0,13.5,0.0,70.0,1.8,,True
MRS004,Timothy Horne,CA,piece_rate,tear_off,2025-05-30,7.2,36.0,0.0,0.0,112.0,1.8,,True
MRS004,Timothy Horne,CA,piece_rate,tear_off,2025-06-06,8.4,40.0,2.0,0.0,157.0,1.8,,True
MRS005,Evan Torres,CA,hourly,,2025-05-16,7.2,36.0,0.0,0.0,,,24.71,True
MRS005,Evan Torres,CA,hourly,,2025-05-23,8.4,46.3,0.0,0.0,,,24.71,True
MRS005,Evan Torres,CA,hourly,,2025-05-30,9.6,46.3,0.0,0.0,,,24.71,True
MRS005,Evan Torres,CA,hourly,,2025-06-06,8.2,40.0,1.0,0.0,,,24.71,True
MRS006,Claudia Johnson,TX,piece_rate,ridge_cap,2025-05-16,6.1,30.5,0.0,0.0,97.0,3.5,,True
MRS006,Claudia Johnson,TX,piece_rate,ridge_cap,2025-05-23,7.1,35.5,0.0,0.0,148.0,3.5,,True
MRS006,Claudia Johnson,TX,piece_rate,ridge_cap,2025-05-30,7.2,36.0,0.0,0.0,144.0,3.5,,True
MRS006,Claudia Johnson,TX,piece_rate,ridge_cap,2025-06-06,8.9,40.0,4.5,0.0,120.0,3.5,,True
MRS007,Aaron Leonard,NY,hourly,,2025-05-16,8.8,40.0,4.0,0.0,,,24.68,True
MRS007,Aaron Leonard,NY,hourly,,2025-05-23,7.7,38.5,0.0,0.0,,,24.68,True
MRS007,Aaron Leonard,NY,hourly,,2025-05-30,11.0,40.0,15.0,0.0,,,24.68,True
MRS007,Aaron Leonard,NY,hourly,,2025-06-06,8.8,40.0,4.0,0.0,,,24.68,True
MRS008,Mark Brown,CA,hourly,,2025-05-16,7.8,39.0,0.0,0.0,,,18.12,True
MRS008,Mark Brown,CA,hourly,,2025-05-23,8.3,40.0,1.5,0.0,,,18.12,True
MRS008,Mark Brown,CA,hourly,,2025-05-30,7.5,37.5,0.0,0.0,,,18.12,True
MRS008,Mark Brown,CA,hourly,,2025-06-06,7.2,36.0,0.0,0.0,,,18.12,True
MRS009,Dr. Michael Ramos,TX,piece_rate,ridge_cap,2025-05-16,9.6,40.0,8.0,0.0,100.0,3.5,,True
MRS009,Dr. Michael Ramos,TX,piece_rate,ridge_cap,2025-05-23,6.6,33.0,0.0,0.0,128.0,3.5,,True
MRS009,Dr. Michael Ramos,TX,piece_rate,ridge_cap,2025-05-30,10.8,40.0,14.0,0.0,148.0,3.5,,True
MRS009,Dr. Michael Ramos,TX,piece_rate,ridge_cap,2025-06-06,6.9,34.5,0.0,0.0,87.0,3.5,,True
MRS010,Donna Blackwell,FL,piece_rate,decking_repair,2025-05-16,9.7,40.0,8.5,0.0,95.0,5.0,,True
MRS010,Donna Blackwell,FL,piece_rate,decking_repair,2025-05-23,9.6,40.0,8.0,0.0,157.0,5.0,,True
MRS010,Donna Blackwell,FL,piece_rate,decking_repair,2025-05-30,8.6,40.0,3.0,0.0,96.0,5.0,,True
MRS010,Donna Blackwell,FL,piece_rate,decking_repair,2025-05-30,8.6,40.0,3.0,0.0,96.0,5.0,,True
MRS010,Donna Blackwell,FL,piece_rate,decking_repair,2025-06-06,10.9,40.0,14.5,0.0,166.0,5.0,,True
MRS011,Ashley Cruz,TX,hourly,,2025-05-16,7.0,35.0,0.0,0.0,,,17.87,True
MRS011,Ashley Cruz,TX,hourly,,2025-05-23,7.1,35.5,0.0,0.0,,,17.87,True
MRS011,Ashley Cruz,TX,hourly,,2025-05-30,6.9,34.5,0.0,0.0,,,17.87,True
MRS011,Ashley Cruz,TX,hourly,,2025-06-06,6.1,30.5,0.0,0.0,,,17.87,True
MRS012,Robert Morgan,CA,piece_rate,ridge_cap,2025-05-16,8.7,40.0,3.5,0.0,95.0,3.5,,True
MRS012,Robert Morgan,CA,piece_rate,ridge_cap,2025-05-23,6.2,31.0,0.0,0.0,66.0,3.5,,True
MRS012,Robert Morgan,CA,piece_rate,ridge_cap,2025-05-30,8.8,40.0,4.0,0.0,149.0,3.5,,True
MRS012,Robert Morgan,CA,piece_rate,ridge_cap,2025-06-06,10.7,40.0,13.5,0.0,141.0,3.5,,True
MRS013,Daniel Dodson,TX,piece_rate,shingle_install,2025-05-16,10.3,40.0,11.5,0.0,122.0,2.8,,True
MRS013,Daniel Dodson,TX,piece_rate,shingle_install,2025-05-23,6.5,32.5,0.0,0.0,61.0,2.8,,True
MRS013,Daniel Dodson,TX,piece_rate,shingle_install,2025-05-30,8.9,40.0,4.5,0.0,120.0,2.8,,True
MRS013,Daniel Dodson,TX,piece_rate,shingle_install,2025-06-06,8.4,40.0,2.0,0.0,103.0,2.8,,True
MRS014,Shannon Mullins,FL,piece_rate,shingle_install,2025-05-16,6.9,34.5,0.0,0.0,66.0,2.8,,True
MRS014,Shannon Mullins,FL,piece_rate,shingle_install,2025-05-23,7.3,36.5,0.0,0.0,170.0,2.8,,True
MRS014,Shannon Mullins,FL,piece_rate,shingle_install,2025-05-30,8.4,40.0,2.0,0.0,165.0,2.8,,True
MRS014,Shannon Mullins,FL,piece_rate,shingle_install,2025-06-06,6.3,31.5,0.0,0.0,122.0,2.8,,True
MRS015,Terry Barker,NY,contract,flashing,2025-05-16,6.4,32.0,0.0,0.0,140.0,4.0,,True
MRS015,Terry Barker,NY,contract,flashing,2025-05-23,9.4,40.0,7.0,0.0,79.0,4.0,,True
MRS015,Terry Barker,NY,contract,flashing,2025-05-30,6.7,33.5,0.0,0.0,132.0,4.0,,True
MRS015,Terry Barker,NY,contract,flashing,2025-06-06,10.7,40.0,13.5,0.0,70.0,4.0,,True
MRS016,Leslie Phillips,CA,piece_rate,ridge_cap,2025-05-16,11.0,40.0,15.0,0.0,75.0,3.5,,True
MRS016,Leslie Phillips,CA,piece_rate,ridge_cap,2025-05-23,8.8,40.0,4.0,0.0,113.0,3.5,,True
MRS016,Leslie Phillips,CA,piece_rate,ridge_cap,2025-05-30,9.0,40.0,5.0,0.0,161.0,3.5,,True
MRS016,Leslie Phillips,CA,piece_rate,ridge_cap,2025-06-06,9.1,40.0,5.5,0.0,159.0,3.5,,True
MRS017,Angelica Richards,CA,piece_rate,decking_repair,2025-05-16,8.6,40.0,3.0,0.0,117.0,5.0,,True
MRS017,Angelica Richards,CA,piece_rate,decking_repair,2025-05-23,10.5,40.0,12.5,0.0,98.0,5.0,,True
MRS017,Angelica Richards,CA,piece_rate,decking_repair,2025-05-30,10.3,40.0,11.5,0.0,114.0,5.0,,True
MRS017,Angelica Richards,CA,piece_rate,decking_repair,2025-06-06,7.5,37.5,0.0,0.0,139.0,5.0,,True
MRS018,Leonard Sanchez,CA,salary,,2025-05-16,8.5,31.5,0.0,0.0,,,17.79,True
MRS018,Leonard Sanchez,CA,salary,,2025-05-23,10.8,40.0,14.0,0.0,,,17.79,True
MRS018,Leonard Sanchez,CA,salary,,2025-05-30,6.5,32.5,0.0,0.0,,,17.79,True
MRS018,Leonard Sanchez,CA,salary,,2025-06-06,9.8,40.0,9.0,0.0,,,17.79,True
MRS019,William Schroeder,FL,piece_rate,felt_underlayment,2025-05-16,9.1,40.0,5.5,0.0,93.0,1.2,,True
MRS019,William Schroeder,FL,piece_rate,felt_underlayment,2025-05-23,9.3,40.0,6.5,0.0,80.0,1.2,,True
MRS019,William Schroeder,FL,piece_rate,felt_underlayment,2025-05-30,7.2,36.0,0.0,0.0,130.0,1.2,,True
MRS019,William Schroeder,FL,piece_rate,felt_underlayment,2025-06-06,6.4,32.0,0.0,0.0,60.0,1.2,,True
MRS020,David Warren,CA,piece_rate,decking_repair,2025-05-16,8.0,40.0,0.0,0.0,148.0,5.0,,True
MRS020,David Warren,CA,piece_rate,decking_repair,2025-05-23,9.0,40.0,5.0,0.0,97.0,5.0,,True
MRS020,David Warren,CA,piece_rate,decking_repair,2025-05-30,6.2,31.0,0.0,0.0,96.0,5.0,,True
MRS020,David Warren,CA,piece_rate,decking_repair,2025-06-06,9.5,40.0,7.5,0.0,149.0,5.0,,True
MRS021,Alexander Gardner,FL,piece_rate,ridge_cap,2025-05-16,10.3,40.0,11.5,0.0,69.0,3.5,,True
MRS021,Alexander Gardner,FL,piece_rate,ridge_cap,2025-05-23,9.4,40.0,7.0,0.0,178.0,3.5,,True
MRS021,Alexander Gardner,FL,piece_rate,ridge_cap,2025-05-30,7.3,36.5,0.0,0.0,161.0,3.5,,True
MRS021,Alexander Gardner,FL,piece_rate,ridge_cap,2025-06-06,9.1,40.0,5.5,0.0,144.0,3.5,,True
MRS022,Debbie Duncan,NY,piece_rate,felt_underlayment,2025-05-16,10.0,40.0,10.0,0.0,85.0,1.2,,True
MRS022,Debbie Duncan,NY,piece_rate,felt_underlayment,2025-05-23,8.1,40.0,0.5,0.0,129.0,1.2,,True
MRS022,Debbie Duncan,NY,piece_rate,felt_underlayment,2025-05-30,7.1,35.5,0.0,0.0,79.0,1.2,,True
MRS022,Debbie Duncan,NY,piece_rate,felt_underlayment,2025-06-06,10.5,40.0,12.5,0.0,165.0,1.2,,True
MRS023,Zachary Blake,NY,piece_rate,flashing,2025-05-16,6.7,33.5,0.0,0.0,67.0,4.0,,True
MRS023,Zachary Blake,NY,piece_rate,flashing,2025-05-23,6.8,34.0,0.0,0.0,99.0,4.0,,True
MRS023,Zachary Blake,NY,piece_rate,flashing,2025-05-30,9.0,40.0,5.0,0.0,20.0,0.15,,True
MRS023,Zachary Blake,NY,piece_rate,flashing,2025-06-06,8.8,40.0,4.0,0.0,20.0,0.15,,True
MRS024,Tracy Brooks,CA,piece_rate,tear_off,2025-05-16,8.2,40.0,1.0,0.0,119.0,1.8,,True
MRS024,Tracy Brooks,CA,piece_rate,tear_off,2025-05-23,9.4,40.0,7.0,0.0,149.0,1.8,,True
MRS024,Tracy Brooks,CA,piece_rate,tear_off,2025-05-30,8.0,40.0,0.0,0.0,94.0,1.8,,True
MRS024,Tracy Brooks,CA,piece_rate,tear_off,2025-06-06,8.5,40.0,2.5,0.0,123.0,1.8,,True
MRS025,Patricia Miller,NY,piece_rate,decking_repair,2025-05-16,8.2,40.0,1.0,0.0,136.0,5.0,,True
MRS025,Patricia Miller,NY,piece_rate,decking_repair,2025-05-23,6.2,31.0,0.0,0.0,115.0,5.0,,True
MRS025,Patricia Miller,NY,piece_rate,decking_repair,2025-05-30,9.7,40.0,8.5,0.0,137.0,5.0,,True
MRS025,Patricia Miller,NY,piece_rate,decking_repair,2025-06-06,7.3,36.5,0.0,0.0,71.0,5.0,,True
MRS026,Mackenzie Mccall,TX,piece_rate,decking_repair,2025-05-16,7.1,35.5,0.0,0.0,146.0,5.0,,True
MRS026,Mackenzie Mccall,TX,piece_rate,decking_repair,2025-05-23,10.2,40.0,11.0,0.0,133.0,5.0,,True
MRS026,Mackenzie Mccall,TX,piece_rate,decking_repair,2025-05-30,8.9,40.0,4.5,0.0,62.0,5.0,,True
MRS026,Mackenzie Mccall,TX,piece_rate,decking_repair,2025-06-06,11.0,40.0,15.0,0.0,146.0,5.0,,True
MRS027,Kathleen Dorsey,TX,piece_rate,felt_underlayment,2025-05-16,10.1,40.0,10.5,0.0,133.0,1.2,,True
MRS027,Kathleen Dorsey,TX,piece_rate,felt_underlayment,2025-05-23,6.2,31.0,0.0,0.0,156.0,1.2,,True
MRS027,Kathleen Dorsey,TX,piece_rate,felt_underlayment,2025-05-30,6.9,34.5,0.0,0.0,126.0,1.2,,True
MRS027,Kathleen Dorsey,TX,piece_rate,felt_underlayment,2025-06-06,9.3,40.0,6.5,0.0,177.0,1.2,,True
MRS028,Samuel Hansen,FL,piece_rate,decking_repair,2025-05-16,7.4,37.0,0.0,0.0,134.0,5.0,,True
MRS028,Samuel Hansen,FL,piece_rate,decking_repair,2025-05-23,8.2,40.0,1.0,0.0,164.0,5.0,,True
MRS028,Samuel Hansen,FL,piece_rate,decking_repair,2025-05-30,8.5,40.0,2.5,0.0,71.0,5.0,,True
MRS028,Samuel Hansen,FL,piece_rate,decking_repair,2025-06-06,8.4,40.0,2.0,0.0,112.0,5.0,,True
MRS029,Donald Williams,TX,piece_rate,flashing,2025-05-16,7.7,38.5,0.0,0.0,145.0,4.0,,True
MRS029,Donald Williams,TX,piece_rate,flashing,2025-05-23,6.5,32.5,0.0,0.0,80.0,4.0,,True
MRS029,Donald Williams,TX,piece_rate,flashing,2025-05-30,7.6,38.0,0.0,0.0,148.0,4.0,,True
MRS029,Donald Williams,TX,piece_rate,flashing,2025-06-06,8.5,40.0,2.5,0.0,144.0,4.0,,True
MRS030,Gary Peterson,TX,salary,,2025-05-16,10.7,40.0,13.5,0.0,,,22.6,True
MRS030,Gary Peterson,TX,salary,,2025-05-23,10.1,40.0,10.5,0.0,,,22.6,True
MRS030,Gary Peterson,TX,salary,,2025-05-30,8.8,40.0,4.0,0.0,,,22.6,True
MRS030,Gary Peterson,TX,salary,,2025-06-06,8.3,40.0,1.5,0.0,,,22.6,True
MRS031,Juan Waters,CA,hourly,,2025-05-16,7.6,38.0,0.0,0.0,,,0.0,True
MRS031,Juan Waters,CA,hourly,,2025-05-23,7.6,38.0,0.0,0.0,,,0.0,True
MRS031,Juan Waters,CA,hourly,,2025-05-30,10.9,40.0,14.5,0.0,,,0.0,True
MRS031,Juan Waters,CA,hourly,,2025-06-06,8.0,40.0,0.0,0.0,,,0.0,True
MRS032,Sarah Allen,CA,piece_rate,tear_off,2025-05-16,8.6,40.0,3.0,0.0,60.0,1.8,,False
MRS032,Sarah Allen,CA,piece_rate,tear_off,2025-05-23,9.3,40.0,6.5,0.0,129.0,1.8,,True
MRS032,Sarah Allen,CA,piece_rate,tear_off,2025-05-30,8.3,40.0,1.5,0.0,66.0,1.8,,False
MRS032,Sarah Allen,CA,piece_rate,tear_off,2025-06-06,6.9,34.5,0.0,0.0,106.0,1.8,,True
MRS033,Shannon Olson,CA,piece_rate,flashing,2025-05-16,9.1,40.0,5.5,0.0,123.0,4.0,,True
MRS033,Shannon Olson,CA,piece_rate,flashing,2025-05-23,9.1,40.0,5.5,0.0,157.0,4.0,,True
MRS033,Shannon Olson,CA,piece_rate,flashing,2025-05-30,6.3,31.5,0.0,0.0,94.0,4.0,,True
MRS033,Shannon Olson,CA,piece_rate,flashing,2025-05-30,6.3,31.5,0.0,0.0,94.0,4.0,,True
MRS033,Shannon Olson,CA,piece_rate,flashing,2025-06-06,8.7,40.0,3.5,0.0,178.0,4.0,,True
MRS034,Justin Gonzalez,TX,salary,,2025-05-16,7.4,37.0,0.0,0.0,,,0.0,True
MRS034,Justin Gonzalez,TX,salary,,2025-05-23,10.4,40.0,12.0,0.0,,,0.0,True
MRS034,Justin Gonzalez,TX,salary,,2025-05-30,8.4,40.0,2.0,0.0,,,0.0,True
MRS034,Justin Gonzalez,TX,salary,,2025-06-06,6.1,30.5,0.0,0.0,,,0.0,True
MRS035,Kimberly Clark,CA,piece_rate,ridge_cap,2025-05-16,9.2,40.0,6.0,0.0,162.0,3.5,,True
MRS035,Kimberly Clark,CA,piece_rate,ridge_cap,2025-05-23,7.2,36.0,0.0,0.0,80.0,3.5,,True
MRS035,Kimberly Clark,CA,piece_rate,ridge_cap,2025-05-30,7.6,38.0,0.0,0.0,61.0,3.5,,True
MRS035,Kimberly Clark,CA,piece_rate,ridge_cap,2025-06-06,8.8,40.0,4.0,0.0,71.0,3.5,,True
MRS036,Christina Butler,FL,piece_rate,ridge_cap,2025-05-16,7.1,35.5,0.0,0.0,167.0,3.5,,True
MRS036,Christina Butler,FL,piece_rate,ridge_cap,2025-05-23,10.6,40.0,13.0,0.0,119.0,3.5,,True
MRS036,Christina Butler,FL,piece_rate,ridge_cap,2025-05-30,10.7,40.0,13.5,0.0,142.0,3.5,,True
MRS036,Christina Butler,FL,piece_rate,ridge_cap,2025-06-06,10.2,40.0,11.0,0.0,123.0,3.5,,True
MRS037,Melinda Hall,TX,piece_rate,decking_repair,2025-05-16,10.7,40.0,13.5,0.0,97.0,5.0,,True
MRS037,Melinda Hall,TX,piece_rate,decking_repair,2025-05-23,8.5,40.0,2.5,0.0,94.0,5.0,,True
MRS037,Melinda Hall,TX,piece_rate,decking_repair,2025-05-30,8.1,40.0,0.5,0.0,121.0,5.0,,True
MRS037,Melinda Hall,TX,piece_rate,decking_repair,2025-06-06,10.9,40.0,14.5,0.0,91.0,5.0,,True
MRS038,Austin Chan,NY,piece_rate,tear_off,2025-05-16,8.3,40.0,1.5,0.0,78.0,1.8,,True
MRS038,Austin Chan,NY,piece_rate,tear_off,2025-05-23,7.9,39.5,0.0,0.0,177.0,1.8,,True
MRS038,Austin Chan,NY,piece_rate,tear_off,2025-05-30,9.0,40.0,5.0,0.0,155.0,1.8,,True
MRS038,Austin Chan,NY,piece_rate,tear_off,2025-06-06,10.4,40.0,12.0,0.0,170.0,1.8,,True
MRS039,Kristopher Bell,FL,piece_rate,shingle_install,2025-05-16,6.3,31.5,0.0,0.0,158.0,2.8,,True
MRS039,Kristopher Bell,FL,piece_rate,shingle_install,2025-05-23,10.0,40.0,10.0,0.0,113.0,2.8,,True
MRS039,Kristopher Bell,FL,piece_rate,shingle_install,2025-05-30,7.7,38.5,0.0,0.0,160.0,2.8,,True
MRS039,Kristopher Bell,FL,piece_rate,shingle_install,2025-06-06,8.5,40.0,2.5,0.0,165.0,2.8,,True
MRS040,Wesley Owens,NY,piece_rate,decking_repair,2025-05-16,6.0,30.0,0.0,0.0,152.0,5.0,,True
MRS040,Wesley Owens,NY,piece_rate,decking_repair,2025-05-23,7.5,37.5,0.0,0.0,135.0,5.0,,True
MRS040,Wesley Owens,NY,piece_rate,decking_repair,2025-05-30,8.9,40.0,4.5,0.0,144.0,5.0,,True
MRS040,Wesley Owens,NY,piece_rate,decking_repair,2025-06-06,8.4,40.0,2.0,0.0,79.0,5.0,,True
MRS041,Kimberly Shaw,TX,hourly,,2025-05-16,8.2,40.0,1.0,0.0,,,25.39,True
MRS041,Kimberly Shaw,TX,hourly,,2025-05-23,8.4,40.0,2.0,0.0,,,25.39,True
MRS041,Kimberly Shaw,TX,hourly,,2025-05-30,7.7,38.5,0.0,0.0,,,25.39,True
MRS041,Kimberly Shaw,TX,hourly,,2025-06-06,9.8,40.0,9.0,0.0,,,25.39,True
MRS042,Robin Santos,TX,contract,tear_off,2025-05-16,7.9,39.5,0.0,0.0,179.0,1.8,,True
MRS042,Robin Santos,TX,contract,tear_off,2025-05-23,7.6,38.0,0.0,0.0,84.0,1.8,,True
MRS042,Robin Santos,TX,contract,tear_off,2025-05-30,10.9,40.0,14.5,0.0,90.0,1.8,,True
MRS042,Robin Santos,TX,contract,tear_off,2025-06-06,8.9,40.0,4.5,0.0,89.0,1.8,,True
MRS043,Jessica Shaw,WA,piece_rate,flashing,2025-05-16,10.3,40.0,11.5,0.0,112.0,4.0,,True
MRS043,Jessica Shaw,WA,piece_rate,flashing,2025-05-23,6.2,31.0,0.0,0.0,155.0,4.0,,True
MRS043,Jessica Shaw,WA,piece_rate,flashing,2025-05-30,8.4,40.0,2.0,0.0,176.0,4.0,,True
MRS043,Jessica Shaw,WA,piece_rate,flashing,2025-06-06,10.1,40.0,10.5,0.0,109.0,4.0,,True
MRS044,Xavier Gray,CA,salary,,2025-05-16,10.9,40.0,14.5,0.0,,,19.63,True
MRS044,Xavier Gray,CA,salary,,2025-05-23,10.0,40.0,10.0,0.0,,,19.63,True
MRS044,Xavier Gray,CA,salary,,2025-05-30,9.3,40.0,6.5,0.0,,,19.63,True
MRS044,Xavier Gray,CA,salary,,2025-06-06,6.8,34.0,0.0,0.0,,,19.63,True
MRS045,Dr. Stephanie Melendez,CA,piece_rate,shingle_install,2025-05-16,10.8,40.0,14.0,0.0,76.0,2.8,,False
MRS045,Dr. Stephanie Melendez,CA,piece_rate,shingle_install,2025-05-23,8.5,40.0,2.5,0.0,135.0,2.8,,True
MRS045,Dr. Stephanie Melendez,CA,piece_rate,shingle_install,2025-05-30,7.7,38.5,0.0,0.0,72.0,2.8,,False
MRS045,Dr. Stephanie Melendez,CA,piece_rate,shingle_install,2025-06-06,10.4,40.0,12.0,0.0,116.0,2.8,,True
MRS046,William Pearson,CA,piece_rate,shingle_install,2025-05-16,6.5,32.5,0.0,0.0,176.0,2.8,,True
MRS046,William Pearson,CA,piece_rate,shingle_install,2025-05-23,8.3,40.0,1.5,0.0,152.0,2.8,,True
MRS046,William Pearson,CA,piece_rate,shingle_install,2025-05-30,6.7,33.5,0.0,0.0,171.0,2.8,,True
MRS046,William Pearson,CA,piece_rate,shingle_install,2025-06-06,9.3,40.0,6.5,0.0,79.0,2.8,,True
MRS047,Gregory Mills,WA,piece_rate,felt_underlayment,2025-05-16,6.4,32.0,0.0,0.0,160.0,1.2,,True
MRS047,Gregory Mills,WA,piece_rate,felt_underlayment,2025-05-23,10.8,40.0,14.0,0.0,103.0,1.2,,True
MRS047,Gregory Mills,WA,piece_rate,felt_underlayment,2025-05-30,9.1,40.0,5.5,0.0,110.0,1.2,,True
MRS047,Gregory Mills,WA,piece_rate,felt_underlayment,2025-06-06,9.2,40.0,6.0,0.0,169.0,1.2,,True
MRS048,Erik Tate,CA,piece_rate,tear_off,2025-05-16,7.6,38.0,0.0,0.0,146.0,,,True
MRS048,Erik Tate,CA,piece_rate,tear_off,2025-05-23,10.3,40.0,11.5,0.0,108.0,,,True
MRS048,Erik Tate,CA,piece_rate,tear_off,2025-05-30,10.8,40.0,14.0,0.0,140.0,,,True
MRS048,Erik Tate,CA,piece_rate,tear_off,2025-06-06,9.6,40.0,8.0,0.0,157.0,,,True
MRS049,David Woods,CA,contract,tear_off,2025-05-16,8.4,40.0,2.0,0.0,129.0,1.8,,True
MRS049,David Woods,CA,contract,tear_off,2025-05-23,6.2,31.0,0.0,0.0,68.0,1.8,,True
MRS049,David Woods,CA,contract,tear_off,2025-05-30,7.2,36.0,0.0,0.0,20.0,0.15,,True
MRS049,David Woods,CA,contract,tear_off,2025-06-06,10.6,40.0,13.0,0.0,20.0,0.15,,True
MRS050,Eric Rodriguez,TX,piece_rate,tear_off,2025-05-16,9.7,40.0,8.5,0.0,115.0,1.8,,True
MRS050,Eric Rodriguez,TX,piece_rate,tear_off,2025-05-23,10.9,40.0,14.5,0.0,157.0,1.8,,True
MRS050,Eric Rodriguez,TX,piece_rate,tear_off,2025-05-30,9.2,40.0,6.0,0.0,171.0,1.8,,True
MRS050,Eric Rodriguez,TX,piece_rate,tear_off,2025-06-06,6.5,32.5,0.0,0.0,81.0,1.8,,True
MRS051,Sherry Stevens,FL,piece_rate,decking_repair,2025-05-16,9.5,40.0,7.5,0.0,175.0,5.0,,True
MRS051,Sherry Stevens,FL,piece_rate,decking_repair,2025-05-23,6.1,30.5,0.0,0.0,101.0,5.0,,True
MRS051,Sherry Stevens,FL,piece_rate,decking_repair,2025-05-30,10.0,40.0,10.0,0.0,97.0,5.0,,True
MRS051,Sherry Stevens,FL,piece_rate,decking_repair,2025-06-06,7.8,39.0,0.0,0.0,115.0,5.0,,True
MRS052,Linda Barrett,CA,salary,,2025-05-16,6.7,33.5,0.0,0.0,,,21.11,True
MRS052,Linda Barrett,CA,salary,,2025-05-23,8.7,40.0,3.5,0.0,,,21.11,True
MRS052,Linda Barrett,CA,salary,,2025-05-30,8.8,40.0,4.0,0.0,,,21.11,True
MRS052,Linda Barrett,CA,salary,,2025-06-06,12.8,40.0,10.0,0.0,,,21.11,True
MRS053,Annette Alexander,NY,piece_rate,felt_underlayment,2025-05-16,6.8,34.0,0.0,0.0,70.0,1.2,,True
MRS053,Annette Alexander,NY,piece_rate,felt_underlayment,2025-05-23,9.0,40.0,5.0,0.0,108.0,1.2,,True
MRS053,Annette Alexander,NY,piece_rate,felt_underlayment,2025-05-30,9.1,40.0,5.5,0.0,90.0,1.2,,True
MRS053,Annette Alexander,NY,piece_rate,felt_underlayment,2025-06-06,8.5,40.0,2.5,0.0,134.0,1.2,,True
MRS054,James White,CA,piece_rate,tear_off,2025-05-16,6.7,33.5,0.0,0.0,119.0,1.8,,True
MRS054,James White,CA,piece_rate,tear_off,2025-05-23,9.2,40.0,6.0,0.0,118.0,1.8,,True
MRS054,James White,CA,piece_rate,tear_off,2025-05-30,7.3,36.5,0.0,0.0,61.0,1.8,,True
MRS054,James White,CA,piece_rate,tear_off,2025-06-06,10.5,40.0,12.5,0.0,119.0,1.8,,True
MRS055,Sarah Cole,TX,piece_rate,shingle_install,2025-05-16,10.5,40.0,12.5,0.0,146.0,,,True
MRS055,Sarah Cole,TX,piece_rate,shingle_install,2025-05-23,8.7,40.0,3.5,0.0,69.0,,,True
MRS055,Sarah Cole,TX,piece_rate,shingle_install,2025-05-30,8.2,40.0,1.0,0.0,104.0,,,True
MRS055,Sarah Cole,TX,piece_rate,shingle_install,2025-06-06,10.9,40.0,14.5,0.0,98.0,,,True
MRS056,Willie Dillon,CA,piece_rate,felt_underlayment,2025-05-16,8.5,40.0,0.0,0.0,114.0,1.2,,True
MRS056,Willie Dillon,CA,piece_rate,felt_underlayment,2025-05-23,9.5,40.0,7.5,0.0,118.0,1.2,,True
MRS056,Willie Dillon,CA,piece_rate,felt_underlayment,2025-05-30,10.2,40.0,11.0,0.0,85.0,1.2,,True
MRS056,Willie Dillon,CA,piece_rate,felt_underlayment,2025-06-06,11.0,40.0,15.0,0.0,169.0,1.2,,True
MRS057,Marie Burns,CA,hourly,,2025-05-16,8.4,40.0,2.0,0.0,,,17.78,True
MRS057,Marie Burns,CA,hourly,,2025-05-23,7.2,36.0,0.0,0.0,,,17.78,True
MRS057,Marie Burns,CA,hourly,,2025-05-30,8.9,40.0,4.5,0.0,,,17.78,True
MRS057,Marie Burns,CA,hourly,,2025-06-06,8.9,40.0,4.5,0.0,,,17.78,True
MRS058,Carla Richardson,CA,piece_rate,felt_underlayment,2025-05-16,11.0,40.0,15.0,0.0,97.0,1.2,,True
MRS058,Carla Richardson,CA,piece_rate,felt_underlayment,2025-05-23,6.1,30.5,0.0,0.0,166.0,1.2,,True
MRS058,Carla Richardson,CA,piece_rate,felt_underlayment,2025-05-30,9.3,40.0,6.5,0.0,95.0,1.2,,True
MRS058,Carla Richardson,CA,piece_rate,felt_underlayment,2025-06-06,6.0,30.0,0.0,0.0,170.0,1.2,,True
MRS059,Margaret Caldwell,TX,piece_rate,tear_off,2025-05-16,9.4,40.0,7.0,0.0,155.0,1.8,,True
MRS059,Margaret Caldwell,TX,piece_rate,tear_off,2025-05-23,10.9,40.0,14.5,0.0,176.0,1.8,,True
MRS059,Margaret Caldwell,TX,piece_rate,tear_off,2025-05-30,9.0,40.0,5.0,0.0,123.0,1.8,,True
MRS059,Margaret Caldwell,TX,piece_rate,tear_off,2025-06-06,10.2,40.0,11.0,0.0,175.0,1.8,,True
MRS060,Andrew Foster,TX,piece_rate,flashing,2025-05-16,7.4,37.0,0.0,0.0,162.0,4.0,,True
MRS060,Andrew Foster,TX,piece_rate,flashing,2025-05-23,7.2,36.0,0.0,0.0,162.0,4.0,,True
MRS060,Andrew Foster,TX,piece_rate,flashing,2025-05-30,7.8,39.0,0.0,0.0,141.0,4.0,,True
MRS060,Andrew Foster,TX,piece_rate,flashing,2025-05-30,7.8,39.0,0.0,0.0,141.0,4.0,,True
MRS060,Andrew Foster,TX,piece_rate,flashing,2025-06-06,7.0,35.0,0.0,0.0,92.0,4.0,,True
MRS061,Dorothy Vasquez,NY,hourly,,2025-05-16,9.4,40.0,7.0,0.0,,,24.25,True
MRS061,Dorothy Vasquez,NY,hourly,,2025-05-23,9.6,40.0,8.0,0.0,,,24.25,True
MRS061,Dorothy Vasquez,NY,hourly,,2025-05-30,9.3,40.0,6.5,0.0,,,24.25,True
MRS061,Dorothy Vasquez,NY,hourly,,2025-06-06,10.2,40.0,11.0,0.0,,,24.25,True
MRS062,Kristen Jimenez,TX,piece_rate,decking_repair,2025-05-16,9.1,40.0,5.5,0.0,175.0,5.0,,True
MRS062,Kristen Jimenez,TX,piece_rate,decking_repair,2025-05-23,9.1,40.0,5.5,0.0,65.0,5.0,,True
MRS062,Kristen Jimenez,TX,piece_rate,decking_repair,2025-05-30,7.5,37.5,0.0,0.0,116.0,5.0,,True
MRS062,Kristen Jimenez,TX,piece_rate,decking_repair,2025-06-06,6.2,31.0,0.0,0.0,106.0,5.0,,True
MRS063,Daniel Pitts,CA,piece_rate,decking_repair,2025-05-16,9.7,40.0,8.5,0.0,71.0,5.0,,True
MRS063,Daniel Pitts,CA,piece_rate,decking_repair,2025-05-23,10.5,40.0,12.5,0.0,101.0,5.0,,True
MRS063,Daniel Pitts,CA,piece_rate,decking_repair,2025-05-30,9.7,40.0,8.5,0.0,82.0,5.0,,True
MRS063,Daniel Pitts,CA,piece_rate,decking_repair,2025-06-06,7.0,35.0,0.0,0.0,160.0,5.0,,True
MRS064,Tyler Greene,CA,piece_rate,ridge_cap,2025-05-16,8.7,40.0,3.5,0.0,106.0,3.5,,True
MRS064,Tyler Greene,CA,piece_rate,ridge_cap,2025-05-23,8.7,40.0,3.5,0.0,176.0,3.5,,True
MRS064,Tyler Greene,CA,piece_rate,ridge_cap,2025-05-30,7.4,37.0,0.0,0.0,81.0,3.5,,True
MRS064,Tyler Greene,CA,piece_rate,ridge_cap,2025-06-06,7.3,36.5,0.0,0.0,165.0,3.5,,True
MRS065,Kristin Davis,NY,hourly,,2025-05-16,10.7,40.0,13.5,0.0,,,19.09,True
MRS065,Kristin Davis,NY,hourly,,2025-05-23,10.8,40.0,14.0,0.0,,,19.09,True
MRS065,Kristin Davis,NY,hourly,,2025-05-30,7.5,37.5,0.0,0.0,,,19.09,True
MRS065,Kristin Davis,NY,hourly,,2025-06-06,10.4,40.0,12.0,0.0,,,19.09,True
MRS066,Michael Soto,TX,piece_rate,ridge_cap,2025-05-16,10.0,40.0,10.0,0.0,119.0,3.5,,True
MRS066,Michael Soto,TX,piece_rate,ridge_cap,2025-05-23,10.8,40.0,14.0,0.0,78.0,3.5,,True
MRS066,Michael Soto,TX,piece_rate,ridge_cap,2025-05-30,9.8,40.0,9.0,0.0,88.0,3.5,,True
MRS066,Michael Soto,TX,piece_rate,ridge_cap,2025-06-06,10.3,40.0,11.5,0.0,152.0,3.5,,True
MRS067,Matthew Pennington,TX,piece_rate,shingle_install,2025-05-16,9.4,40.0,7.0,0.0,110.0,2.8,,True
MRS067,Matthew Pennington,TX,piece_rate,shingle_install,2025-05-23,10.8,40.0,14.0,0.0,162.0,2.8,,True
MRS067,Matthew Pennington,TX,piece_rate,shingle_install,2025-05-30,8.8,40.0,4.0,0.0,71.0,2.8,,True
MRS067,Matthew Pennington,TX,piece_rate,shingle_install,2025-06-06,10.0,40.0,10.0,0.0,61.0,2.8,,True
MRS068,Erin Quinn,TX,piece_rate,tear_off,2025-05-16,7.3,36.5,0.0,0.0,75.0,1.8,,True
MRS068,Erin Quinn,TX,piece_rate,tear_off,2025-05-23,8.3,40.0,1.5,0.0,146.0,1.8,,True
MRS068,Erin Quinn,TX,piece_rate,tear_off,2025-05-30,9.7,40.0,8.5,0.0,93.0,1.8,,True
MRS068,Erin Quinn,TX,piece_rate,tear_off,2025-06-06,8.9,40.0,4.5,0.0,165.0,1.8,,True
MRS069,Rebecca Price,CA,piece_rate,tear_off,2025-05-16,9.2,40.0,6.0,0.0,107.0,1.8,,False
MRS069,Rebecca Price,CA,piece_rate,tear_off,2025-05-23,6.5,32.5,0.0,0.0,89.0,1.8,,True
MRS069,Rebecca Price,CA,piece_rate,tear_off,2025-05-30,8.4,40.0,2.0,0.0,139.0,1.8,,False
MRS069,Rebecca Price,CA,piece_rate,tear_off,2025-06-06,10.4,40.0,12.0,0.0,131.0,1.8,,True
MRS070,Caitlin Daniels,NY,salary,,2025-05-16,7.6,38.0,0.0,0.0,,,18.83,True
MRS070,Caitlin Daniels,NY,salary,,2025-05-23,9.1,40.0,5.5,0.0,,,18.83,True
MRS070,Caitlin Daniels,NY,salary,,2025-05-30,9.2,40.0,6.0,0.0,,,18.83,True
MRS070,Caitlin Daniels,NY,salary,,2025-06-06,9.2,40.0,6.0,0.0,,,18.83,True
MRS071,Christopher Becker,TX,contract,flashing,2025-05-16,8.3,40.0,1.5,0.0,149.0,4.0,,True
MRS071,Christopher Becker,TX,contract,flashing,2025-05-23,7.5,37.5,0.0,0.0,112.0,4.0,,True
MRS071,Christopher Becker,TX,contract,flashing,2025-05-30,6.6,33.0,0.0,0.0,65.0,4.0,,True
MRS071,Christopher Becker,TX,contract,flashing,2025-06-06,10.7,40.0,13.5,0.0,98.0,4.0,,True
MRS072,Dennis Roberts,WA,hourly,,2025-05-16,11.0,40.0,15.0,0.0,,,27.84,True
MRS072,Dennis Roberts,WA,hourly,,2025-05-23,6.6,33.0,0.0,0.0,,,27.84,True
MRS072,Dennis Roberts,WA,hourly,,2025-05-30,7.2,36.0,0.0,0.0,,,27.84,True
MRS072,Dennis Roberts,WA,hourly,,2025-06-06,8.7,40.0,3.5,0.0,,,27.84,True
MRS073,Beverly Kirk,CA,piece_rate,flashing,2025-05-16,7.9,39.5,0.0,0.0,107.0,4.0,,True
MRS073,Beverly Kirk,CA,piece_rate,flashing,2025-05-23,9.4,40.0,7.0,0.0,155.0,4.0,,True
MRS073,Beverly Kirk,CA,piece_rate,flashing,2025-05-30,9.5,40.0,7.5,0.0,129.0,4.0,,True
MRS073,Beverly Kirk,CA,piece_rate,flashing,2025-06-06,8.1,40.0,0.5,0.0,155.0,4.0,,True
MRS074,Lauren Taylor,CA,piece_rate,decking_repair,2025-05-16,8.5,40.0,0.0,0.0,173.0,5.0,,True
MRS074,Lauren Taylor,CA,piece_rate,decking_repair,2025-05-23,8.1,40.0,0.5,0.0,72.0,5.0,,True
MRS074,Lauren Taylor,CA,piece_rate,decking_repair,2025-05-30,10.2,40.0,11.0,0.0,20.0,0.15,,True
MRS074,Lauren Taylor,CA,piece_rate,decking_repair,2025-06-06,8.0,40.0,0.0,0.0,20.0,0.15,,True
MRS075,David Martin,WA,piece_rate,decking_repair,2025-05-16,6.2,31.0,0.0,0.0,107.0,5.0,,True
MRS075,David Martin,WA,piece_rate,decking_repair,2025-05-23,7.1,35.5,0.0,0.0,116.0,5.0,,True
MRS075,David Martin,WA,piece_rate,decking_repair,2025-05-30,10.8,40.0,14.0,0.0,169.0,5.0,,True
MRS075,David Martin,WA,piece_rate,decking_repair,2025-06-06,7.8,39.0,0.0,0.0,147.0,5.0,,True
MRS076,Kathryn Edwards,TX,hourly,,2025-05-16,7.8,39.0,0.0,0.0,,,27.66,True
MRS076,Kathryn Edwards,TX,hourly,,2025-05-23,10.5,40.0,12.5,0.0,,,27.66,True
MRS076,Kathryn Edwards,TX,hourly,,2025-05-30,9.2,40.0,6.0,0.0,,,27.66,True
MRS076,Kathryn Edwards,TX,hourly,,2025-06-06,6.3,31.5,0.0,0.0,,,27.66,True
MRS077,Daniel Daugherty,TX,piece_rate,decking_repair,2025-05-16,7.4,37.0,0.0,0.0,75.0,5.0,,True
MRS077,Daniel Daugherty,TX,piece_rate,decking_repair,2025-05-23,10.7,40.0,13.5,0.0,165.0,5.0,,True
MRS077,Daniel Daugherty,TX,piece_rate,decking_repair,2025-05-30,8.3,40.0,1.5,0.0,144.0,5.0,,True
MRS077,Daniel Daugherty,TX,piece_rate,decking_repair,2025-06-06,7.1,35.5,0.0,0.0,141.0,5.0,,True
MRS078,Jason Gutierrez,CA,hourly,,2025-05-16,9.0,40.0,5.0,0.0,,,22.53,True
MRS078,Jason Gutierrez,CA,hourly,,2025-05-23,6.1,30.5,0.0,0.0,,,22.53,True
MRS078,Jason Gutierrez,CA,hourly,,2025-05-30,9.9,40.0,9.5,0.0,,,22.53,True
MRS078,Jason Gutierrez,CA,hourly,,2025-06-06,7.2,36.0,0.0,0.0,,,22.53,True
MRS079,Daniel West,NY,hourly,,2025-05-16,6.6,33.0,0.0,0.0,,,17.88,True
MRS079,Daniel West,NY,hourly,,2025-05-23,8.8,40.0,4.0,0.0,,,17.88,True
MRS079,Daniel West,NY,hourly,,2025-05-30,6.3,31.5,0.0,0.0,,,17.88,True
MRS079,Daniel West,NY,hourly,,2025-06-06,9.8,40.0,9.0,0.0,,,17.88,True
MRS080,Travis Miller,CA,piece_rate,decking_repair,2025-05-16,7.0,35.0,0.0,0.0,87.0,5.0,,True
MRS080,Travis Miller,CA,piece_rate,decking_repair,2025-05-23,10.1,40.0,10.5,0.0,89.0,5.0,,True
MRS080,Travis Miller,CA,piece_rate,decking_repair,2025-05-30,7.6,38.0,0.0,0.0,78.0,5.0,,True
MRS080,Travis Miller,CA,piece_rate,decking_repair,2025-06-06,9.9,40.0,9.5,0.0,136.0,5.0,,True
MRS081,Mitchell Mitchell,NY,piece_rate,tear_off,2025-05-16,6.0,30.0,0.0,0.0,169.0,1.8,,True
MRS081,Mitchell Mitchell,NY,piece_rate,tear_off,2025-05-23,10.9,46.3,0.0,0.0,76.0,1.8,,True
MRS081,Mitchell Mitchell,NY,piece_rate,tear_off,2025-05-30,8.7,46.3,0.0,0.0,162.0,1.8,,True
MRS081,Mitchell Mitchell,NY,piece_rate,tear_off,2025-06-06,6.9,34.5,0.0,0.0,144.0,1.8,,True
MRS082,Todd Moore,CA,piece_rate,tear_off,2025-05-16,10.3,40.0,11.5,0.0,76.0,1.8,,True
MRS082,Todd Moore,CA,piece_rate,tear_off,2025-05-23,6.1,30.5,0.0,0.0,161.0,1.8,,True
MRS082,Todd Moore,CA,piece_rate,tear_off,2025-05-30,9.9,40.0,9.5,0.0,135.0,1.8,,True
MRS082,Todd Moore,CA,piece_rate,tear_off,2025-06-06,7.6,38.0,0.0,0.0,82.0,1.8,,True
MRS083,Jessica Jones,CA,piece_rate,tear_off,2025-05-16,7.3,36.5,0.0,0.0,76.0,1.8,,True
MRS083,Jessica Jones,CA,piece_rate,tear_off,2025-05-23,9.7,40.0,8.5,0.0,127.0,1.8,,True
MRS083,Jessica Jones,CA,piece_rate,tear_off,2025-05-30,6.6,33.0,0.0,0.0,68.0,1.8,,True
MRS083,Jessica Jones,CA,piece_rate,tear_off,2025-06-06,8.4,40.0,2.0,0.0,159.0,1.8,,True
MRS084,Anne Sosa,TX,salary,,2025-05-16,7.8,39.0,0.0,0.0,,,0.0,True
MRS084,Anne Sosa,TX,salary,,2025-05-23,9.0,40.0,5.0,0.0,,,0.0,True
MRS084,Anne Sosa,TX,salary,,2025-05-30,8.3,40.0,1.5,0.0,,,0.0,True
MRS084,Anne Sosa,TX,salary,,2025-06-06,7.1,35.5,0.0,0.0,,,0.0,True
MRS085,John Williamson,CA,piece_rate,felt_underlayment,2025-05-16,9.1,40.0,5.5,0.0,153.0,1.2,,False
MRS085,John Williamson,CA,piece_rate,felt_underlayment,2025-05-23,9.9,40.0,9.5,0.0,170.0,1.2,,True
MRS085,John Williamson,CA,piece_rate,felt_underlayment,2025-05-30,9.3,40.0,6.5,0.0,98.0,1.2,,False
MRS085,John Williamson,CA,piece_rate,felt_underlayment,2025-06-06,8.3,40.0,1.5,0.0,63.0,1.2,,True
MRS086,Cassandra Ponce,FL,piece_rate,ridge_cap,2025-05-16,6.3,31.5,0.0,0.0,121.0,3.5,,True
MRS086,Cassandra Ponce,FL,piece_rate,ridge_cap,2025-05-23,10.2,40.0,11.0,0.0,114.0,3.5,,True
MRS086,Cassandra Ponce,FL,piece_rate,ridge_cap,2025-05-30,9.4,40.0,7.0,0.0,122.0,3.5,,True
MRS086,Cassandra Ponce,FL,piece_rate,ridge_cap,2025-06-06,9.6,40.0,8.0,0.0,116.0,3.5,,True
MRS087,Mr. Tyrone Hull,WA,salary,,2025-05-16,6.4,32.0,0.0,0.0,,,22.04,True
MRS087,Mr. Tyrone Hull,WA,salary,,2025-05-23,6.4,32.0,0.0,0.0,,,22.04,True
MRS087,Mr. Tyrone Hull,WA,salary,,2025-05-30,9.0,40.0,5.0,0.0,,,22.04,True
MRS087,Mr. Tyrone Hull,WA,salary,,2025-06-06,6.3,31.5,0.0,0.0,,,22.04,True
MRS088,Jeffrey Mays,WA,salary,,2025-05-16,7.4,37.0,0.0,0.0,,,22.91,True
MRS088,Jeffrey Mays,WA,salary,,2025-05-23,9.2,40.0,6.0,0.0,,,22.91,True
MRS088,Jeffrey Mays,WA,salary,,2025-05-30,8.7,40.0,3.5,0.0,,,22.91,True
MRS088,Jeffrey Mays,WA,salary,,2025-06-06,7.6,38.0,0.0,0.0,,,22.91,True
MRS089,Thomas Moore,TX,hourly,,2025-05-16,11.0,40.0,15.0,0.0,,,26.69,True
MRS089,Thomas Moore,TX,hourly,,2025-05-23,8.7,40.0,3.5,0.0,,,26.69,True
MRS089,Thomas Moore,TX,hourly,,2025-05-30,8.3,40.0,1.5,0.0,,,26.69,True
MRS089,Thomas Moore,TX,hourly,,2025-06-06,9.0,40.0,5.0,0.0,,,26.69,True
MRS090,Keith Lara,NY,piece_rate,felt_underlayment,2025-05-16,6.5,32.5,0.0,0.0,149.0,1.2,,True
MRS090,Keith Lara,NY,piece_rate,felt_underlayment,2025-05-23,6.6,33.0,0.0,0.0,143.0,1.2,,True
MRS090,Keith Lara,NY,piece_rate,felt_underlayment,2025-05-30,9.3,40.0,6.5,0.0,158.0,1.2,,True
MRS090,Keith Lara,NY,piece_rate,felt_underlayment,2025-06-06,8.8,40.0,4.0,0.0,170.0,1.2,,True
MRS091,Christina Moreno,TX,piece_rate,ridge_cap,2025-05-16,7.1,35.5,0.0,0.0,117.0,3.5,,True
MRS091,Christina Moreno,TX,piece_rate,ridge_cap,2025-05-23,10.4,40.0,12.0,0.0,112.0,3.5,,True
MRS091,Christina Moreno,TX,piece_rate,ridge_cap,2025-05-30,7.7,38.5,0.0,0.0,118.0,3.5,,True
MRS091,Christina Moreno,TX,piece_rate,ridge_cap,2025-06-06,8.0,40.0,0.0,0.0,153.0,3.5,,True
MRS092,Vincent Howe,FL,salary,,2025-05-16,6.5,32.5,0.0,0.0,,,22.82,True
MRS092,Vincent Howe,FL,salary,,2025-05-23,8.1,46.3,0.0,0.0,,,22.82,True
MRS092,Vincent Howe,FL,salary,,2025-05-30,9.3,46.3,0.0,0.0,,,22.82,True
MRS092,Vincent Howe,FL,salary,,2025-06-06,7.9,39.5,0.0,0.0,,,22.82,True
MRS093,Isaiah Walker,FL,piece_rate,decking_repair,2025-05-16,6.8,34.0,0.0,0.0,178.0,5.0,,True
MRS093,Isaiah Walker,FL,piece_rate,decking_repair,2025-05-23,8.4,40.0,2.0,0.0,71.0,5.0,,True
MRS093,Isaiah Walker,FL,piece_rate,decking_repair,2025-05-30,10.2,40.0,11.0,0.0,71.0,5.0,,True
MRS093,Isaiah Walker,FL,piece_rate,decking_repair,2025-06-06,8.2,40.0,1.0,0.0,155.0,5.0,,True
MRS094,Kenneth Ramirez,CA,piece_rate,ridge_cap,2025-05-16,9.7,40.0,8.5,0.0,163.0,3.5,,True
MRS094,Kenneth Ramirez,CA,piece_rate,ridge_cap,2025-05-23,6.7,33.5,0.0,0.0,67.0,3.5,,True
MRS094,Kenneth Ramirez,CA,piece_rate,ridge_cap,2025-05-30,8.9,40.0,4.5,0.0,131.0,3.5,,True
MRS094,Kenneth Ramirez,CA,piece_rate,ridge_cap,2025-06-06,8.8,40.0,4.0,0.0,145.0,3.5,,True
MRS095,Jose Perry,CA,hourly,,2025-05-16,6.6,33.0,0.0,0.0,,,18.71,True
MRS095,Jose Perry,CA,hourly,,2025-05-23,7.8,39.0,0.0,0.0,,,18.71,True
MRS095,Jose Perry,CA,hourly,,2025-05-30,9.3,40.0,6.5,0.0,,,18.71,True
MRS095,Jose Perry,CA,hourly,,2025-06-06,12.8,40.0,9.0,0.0,,,18.71,True
MRS096,Patricia Cruz,CA,piece_rate,ridge_cap,2025-05-16,10.3,40.0,11.5,0.0,152.0,3.5,,False
MRS096,Patricia Cruz,CA,piece_rate,ridge_cap,2025-05-23,6.3,31.5,0.0,0.0,96.0,3.5,,True
MRS096,Patricia Cruz,CA,piece_rate,ridge_cap,2025-05-30,9.0,40.0,5.0,0.0,105.0,3.5,,False
MRS096,Patricia Cruz,CA,piece_rate,ridge_cap,2025-06-06,6.5,32.5,0.0,0.0,124.0,3.5,,True
MRS097,Terry Rodriguez,CA,piece_rate,ridge_cap,2025-05-16,7.1,35.5,0.0,0.0,144.0,3.5,,True
MRS097,Terry Rodriguez,CA,piece_rate,ridge_cap,2025-05-23,8.4,40.0,2.0,0.0,168.0,3.5,,True
MRS097,Terry Rodriguez,CA,piece_rate,ridge_cap,2025-05-30,6.5,32.5,0.0,0.0,168.0,3.5,,True
MRS097,Terry Rodriguez,CA,piece_rate,ridge_cap,2025-06-06,8.8,40.0,4.0,0.0,74.0,3.5,,True
MRS098,David Sanchez,TX,piece_rate,shingle_install,2025-05-16,9.8,40.0,9.0,0.0,133.0,2.8,,True
MRS098,David Sanchez,TX,piece_rate,shingle_install,2025-05-23,7.1,35.5,0.0,0.0,114.0,2.8,,True
MRS098,David Sanchez,TX,piece_rate,shingle_install,2025-05-30,10.2,40.0,11.0,0.0,158.0,2.8,,True
MRS098,David Sanchez,TX,piece_rate,shingle_install,2025-06-06,10.1,40.0,10.5,0.0,138.0,2.8,,True
MRS099,Mr. Juan Mcclain,CA,piece_rate,ridge_cap,2025-05-16,9.4,40.0,7.0,0.0,131.0,3.5,,False
MRS099,Mr. Juan Mcclain,CA,piece_rate,ridge_cap,2025-05-23,6.1,30.5,0.0,0.0,178.0,3.5,,True
MRS099,Mr. Juan Mcclain,CA,piece_rate,ridge_cap,2025-05-30,9.3,40.0,6.5,0.0,148.0,3.5,,False
MRS099,Mr. Juan Mcclain,CA,piece_rate,ridge_cap,2025-06-06,7.3,36.5,0.0,0.0,83.0,3.5,,True
MRS100,Richard Jones,CA,piece_rate,felt_underlayment,2025-05-16,8.5,37.0,0.0,0.0,157.0,1.2,,True
MRS100,Richard Jones,CA,piece_rate,felt_underlayment,2025-05-23,7.5,37.5,0.0,0.0,103.0,1.2,,True
MRS100,Richard Jones,CA,piece_rate,felt_underlayment,2025-05-30,7.8,39.0,0.0,0.0,83.0,1.2,,True
MRS100,Richard Jones,CA,piece_rate,felt_underlayment,2025-06-06,10.3,40.0,11.5,0.0,132.0,1.2,,True
MRS101,Thomas Lewis,FL,piece_rate,decking_repair,2025-05-16,9.3,40.0,6.5,0.0,68.0,5.0,,True
MRS101,Thomas Lewis,FL,piece_rate,decking_repair,2025-05-23,6.7,33.5,0.0,0.0,141.0,5.0,,True
MRS101,Thomas Lewis,FL,piece_rate,decking_repair,2025-05-30,10.9,40.0,14.5,0.0,71.0,5.0,,True
MRS101,Thomas Lewis,FL,piece_rate,decking_repair,2025-06-06,9.7,40.0,8.5,0.0,87.0,5.0,,True
MRS102,Donald Cox,TX,piece_rate,tear_off,2025-05-16,7.9,39.5,0.0,0.0,118.0,1.8,,True
MRS102,Donald Cox,TX,piece_rate,tear_off,2025-05-23,7.7,38.5,0.0,0.0,107.0,1.8,,True
MRS102,Donald Cox,TX,piece_rate,tear_off,2025-05-30,7.6,38.0,0.0,0.0,101.0,1.8,,True
MRS102,Donald Cox,TX,piece_rate,tear_off,2025-06-06,9.9,40.0,9.5,0.0,132.0,1.8,,True
MRS103,Kristina Anthony,CA,hourly,,2025-05-16,9.0,40.0,5.0,0.0,,,26.94,True
MRS103,Kristina Anthony,CA,hourly,,2025-05-23,10.4,40.0,12.0,0.0,,,26.94,True
MRS103,Kristina Anthony,CA,hourly,,2025-05-30,6.8,34.0,0.0,0.0,,,26.94,True
MRS103,Kristina Anthony,CA,hourly,,2025-06-06,9.8,40.0,9.0,0.0,,,26.94,True
MRS104,Desiree Bowman,TX,piece_rate,tear_off,2025-05-16,6.2,31.0,0.0,0.0,70.0,1.8,,True
MRS104,Desiree Bowman,TX,piece_rate,tear_off,2025-05-23,7.4,37.0,0.0,0.0,144.0,1.8,,True
MRS104,Desiree Bowman,TX,piece_rate,tear_off,2025-05-30,8.1,40.0,0.5,0.0,137.0,1.8,,True
MRS104,Desiree Bowman,TX,piece_rate,tear_off,2025-06-06,8.2,40.0,1.0,0.0,94.0,1.8,,True
MRS105,Brent Gardner,TX,piece_rate,shingle_install,2025-05-16,7.1,35.5,0.0,0.0,125.0,2.8,,True
MRS105,Brent Gardner,TX,piece_rate,shingle_install,2025-05-23,6.6,33.0,0.0,0.0,115.0,2.8,,True
MRS105,Brent Gardner,TX,piece_rate,shingle_install,2025-05-30,6.6,33.0,0.0,0.0,146.0,2.8,,True
MRS105,Brent Gardner,TX,piece_rate,shingle_install,2025-06-06,9.4,40.0,7.0,0.0,122.0,2.8,,True
MRS106,Jodi Nichols,CA,piece_rate,shingle_install,2025-05-16,8.6,40.0,3.0,0.0,99.0,2.8,,False
MRS106,Jodi Nichols,CA,piece_rate,shingle_install,2025-05-23,6.2,31.0,0.0,0.0,110.0,2.8,,True
MRS106,Jodi Nichols,CA,piece_rate,shingle_install,2025-05-30,10.9,40.0,14.5,0.0,67.0,2.8,,False
MRS106,Jodi Nichols,CA,piece_rate,shingle_install,2025-06-06,6.0,30.0,0.0,0.0,98.0,2.8,,True
MRS107,Michael Mcintosh,NY,piece_rate,felt_underlayment,2025-05-16,10.7,40.0,13.5,0.0,158.0,1.2,,True
MRS107,Michael Mcintosh,NY,piece_rate,felt_underlayment,2025-05-23,6.7,33.5,0.0,0.0,92.0,1.2,,True
MRS107,Michael Mcintosh,NY,piece_rate,felt_underlayment,2025-05-30,7.4,37.0,0.0,0.0,75.0,1.2,,True
MRS107,Michael Mcintosh,NY,piece_rate,felt_underlayment,2025-06-06,6.0,30.0,0.0,0.0,155.0,1.2,,True
MRS108,Matthew Jones,FL,piece_rate,tear_off,2025-05-16,8.2,40.0,1.0,0.0,76.0,1.8,,True
MRS108,Matthew Jones,FL,piece_rate,tear_off,2025-05-23,7.9,39.5,0.0,0.0,150.0,1.8,,True
MRS108,Matthew Jones,FL,piece_rate,tear_off,2025-05-30,7.2,36.0,0.0,0.0,131.0,1.8,,True
MRS108,Matthew Jones,FL,piece_rate,tear_off,2025-06-06,10.2,40.0,11.0,0.0,163.0,1.8,,True
MRS109,Regina Palmer,NY,piece_rate,tear_off,2025-05-16,7.8,39.0,0.0,0.0,110.0,1.8,,True
MRS109,Regina Palmer,NY,piece_rate,tear_off,2025-05-23,10.3,40.0,11.5,0.0,65.0,1.8,,True
MRS109,Regina Palmer,NY,piece_rate,tear_off,2025-05-30,8.2,40.0,1.0,0.0,118.0,1.8,,True
MRS109,Regina Palmer,NY,piece_rate,tear_off,2025-06-06,10.6,40.0,13.0,0.0,170.0,1.8,,True
MRS110,Michael Riley,FL,salary,,2025-05-16,7.6,38.0,0.0,0.0,,,26.51,True
MRS110,Michael Riley,FL,salary,,2025-05-23,8.1,40.0,0.5,0.0,,,26.51,True
MRS110,Michael Riley,FL,salary,,2025-05-30,8.0,40.0,0.0,0.0,,,26.51,True
MRS110,Michael Riley,FL,salary,,2025-06-06,9.2,40.0,6.0,0.0,,,26.51,True
MRS111,Amanda Martin,WA,piece_rate,flashing,2025-05-16,7.4,37.0,0.0,0.0,111.0,,,True
MRS111,Amanda Martin,WA,piece_rate,flashing,2025-05-23,6.1,30.5,0.0,0.0,101.0,,,True
MRS111,Amanda Martin,WA,piece_rate,flashing,2025-05-30,6.9,34.5,0.0,0.0,139.0,,,True
MRS111,Amanda Martin,WA,piece_rate,flashing,2025-06-06,8.3,40.0,1.5,0.0,148.0,,,True
MRS112,Angela Mcintosh,CA,piece_rate,ridge_cap,2025-05-16,8.5,40.0,0.0,0.0,71.0,3.5,,True
MRS112,Angela Mcintosh,CA,piece_rate,ridge_cap,2025-05-23,8.2,40.0,1.0,0.0,73.0,3.5,,True
MRS112,Angela Mcintosh,CA,piece_rate,ridge_cap,2025-05-30,7.2,36.0,0.0,0.0,135.0,3.5,,True
MRS112,Angela Mcintosh,CA,piece_rate,ridge_cap,2025-06-06,8.0,40.0,0.0,0.0,70.0,3.5,,True
MRS113,Brianna Gates,FL,piece_rate,decking_repair,2025-05-16,8.0,40.0,0.0,0.0,99.0,,,True
MRS113,Brianna Gates,FL,piece_rate,decking_repair,2025-05-23,9.7,40.0,8.5,0.0,88.0,,,True
MRS113,Brianna Gates,FL,piece_rate,decking_repair,2025-05-30,7.7,38.5,0.0,0.0,81.0,,,True
MRS113,Brianna Gates,FL,piece_rate,decking_repair,2025-06-06,6.4,32.0,0.0,0.0,141.0,,,True
MRS114,Lorraine Gallegos,NY,piece_rate,ridge_cap,2025-05-16,6.6,33.0,0.0,0.0,125.0,3.5,,True
MRS114,Lorraine Gallegos,NY,piece_rate,ridge_cap,2025-05-23,7.0,35.0,0.0,0.0,159.0,3.5,,True
MRS114,Lorraine Gallegos,NY,piece_rate,ridge_cap,2025-05-30,7.7,38.5,0.0,0.0,153.0,3.5,,True
MRS114,Lorraine Gallegos,NY,piece_rate,ridge_cap,2025-06-06,10.8,40.0,14.0,0.0,142.0,3.5,,True
MRS115,Cindy King,CA,piece_rate,flashing,2025-05-16,10.1,40.0,10.5,0.0,90.0,4.0,,True
MRS115,Cindy King,CA,piece_rate,flashing,2025-05-23,6.5,32.5,0.0,0.0,92.0,4.0,,True
MRS115,Cindy King,CA,piece_rate,flashing,2025-05-30,7.0,35.0,0.0,0.0,137.0,4.0,,True
MRS115,Cindy King,CA,piece_rate,flashing,2025-06-06,12.8,34.0,0.0,0.0,157.0,4.0,,True
MRS116,Joseph Payne,NY,contract,felt_underlayment,2025-05-16,9.3,40.0,6.5,0.0,82.0,1.2,,True
MRS116,Joseph Payne,NY,contract,felt_underlayment,2025-05-23,10.8,40.0,14.0,0.0,140.0,1.2,,True
MRS116,Joseph Payne,NY,contract,felt_underlayment,2025-05-30,8.5,40.0,2.5,0.0,156.0,1.2,,True
MRS116,Joseph Payne,NY,contract,felt_underlayment,2025-06-06,8.8,40.0,4.0,0.0,134.0,1.2,,True
MRS117,Lisa Fuentes,CA,salary,,2025-05-16,8.2,40.0,1.0,0.0,,,0.0,True
MRS117,Lisa Fuentes,CA,salary,,2025-05-23,10.6,40.0,13.0,0.0,,,0.0,True
MRS117,Lisa Fuentes,CA,salary,,2025-05-30,8.8,40.0,4.0,0.0,,,0.0,True
MRS117,Lisa Fuentes,CA,salary,,2025-06-06,9.2,40.0,6.0,0.0,,,0.0,True
MRS118,Cody Cook,FL,piece_rate,shingle_install,2025-05-16,9.1,40.0,5.5,0.0,170.0,2.8,,True
MRS118,Cody Cook,FL,piece_rate,shingle_install,2025-05-23,10.9,40.0,14.5,0.0,100.0,2.8,,True
MRS118,Cody Cook,FL,piece_rate,shingle_install,2025-05-30,6.8,34.0,0.0,0.0,20.0,0.15,,True
MRS118,Cody Cook,FL,piece_rate,shingle_install,2025-06-06,8.3,40.0,1.5,0.0,20.0,0.15,,True
MRS119,Pamela Lawrence,FL,piece_rate,ridge_cap,2025-05-16,7.5,37.5,0.0,0.0,95.0,3.5,,True
MRS119,Pamela Lawrence,FL,piece_rate,ridge_cap,2025-05-23,9.0,40.0,5.0,0.0,105.0,3.5,,True
MRS119,Pamela Lawrence,FL,piece_rate,ridge_cap,2025-05-30,8.5,40.0,2.5,0.0,99.0,3.5,,True
MRS119,Pamela Lawrence,FL,piece_rate,ridge_cap,2025-06-06,8.3,40.0,1.5,0.0,64.0,3.5,,True
MRS120,Jason Pierce,NY,salary,,2025-05-16,6.3,31.5,0.0,0.0,,,0.0,True
MRS120,Jason Pierce,NY,salary,,2025-05-23,10.2,40.0,11.0,0.0,,,0.0,True
MRS120,Jason Pierce,NY,salary,,2025-05-30,6.4,32.0,0.0,0.0,,,0.0,True
MRS120,Jason Pierce,NY,salary,,2025-06-06,10.3,40.0,11.5,0.0,,,0.0,True
MRS121,Daniel Grant,TX,piece_rate,tear_off,2025-05-16,10.3,40.0,11.5,0.0,138.0,1.8,,True
MRS121,Daniel Grant,TX,piece_rate,tear_off,2025-05-23,9.0,40.0,5.0,0.0,109.0,1.8,,True
MRS121,Daniel Grant,TX,piece_rate,tear_off,2025-05-30,8.3,40.0,1.5,0.0,130.0,1.8,,True
MRS121,Daniel Grant,TX,piece_rate,tear_off,2025-06-06,10.8,40.0,14.0,0.0,154.0,1.8,,True
MRS122,Carlos Goodman,CA,hourly,,2025-05-16,10.5,40.0,12.5,0.0,,,18.96,True
MRS122,Carlos Goodman,CA,hourly,,2025-05-23,8.2,40.0,1.0,0.0,,,18.96,True
MRS122,Carlos Goodman,CA,hourly,,2025-05-30,10.0,40.0,10.0,0.0,,,18.96,True
MRS122,Carlos Goodman,CA,hourly,,2025-06-06,12.8,40.0,6.5,0.0,,,18.96,True
MRS123,Jacob Edwards,WA,piece_rate,shingle_install,2025-05-16,7.6,38.0,0.0,0.0,120.0,2.8,,True
MRS123,Jacob Edwards,WA,piece_rate,shingle_install,2025-05-23,8.5,40.0,2.5,0.0,67.0,2.8,,True
MRS123,Jacob Edwards,WA,piece_rate,shingle_install,2025-05-30,8.3,40.0,1.5,0.0,163.0,2.8,,True
MRS123,Jacob Edwards,WA,piece_rate,shingle_install,2025-06-06,10.5,40.0,12.5,0.0,103.0,2.8,,True
MRS124,Louis Christian,TX,piece_rate,ridge_cap,2025-05-16,10.9,40.0,14.5,0.0,70.0,3.5,,True
MRS124,Louis Christian,TX,piece_rate,ridge_cap,2025-05-23,8.5,40.0,2.5,0.0,82.0,3.5,,True
MRS124,Louis Christian,TX,piece_rate,ridge_cap,2025-05-30,6.2,31.0,0.0,0.0,150.0,3.5,,True
MRS124,Louis Christian,TX,piece_rate,ridge_cap,2025-06-06,8.2,40.0,1.0,0.0,116.0,3.5,,True
MRS125,Edward Ortega,TX,salary,,2025-05-16,8.6,40.0,3.0,0.0,,,21.24,True
MRS125,Edward Ortega,TX,salary,,2025-05-23,9.0,40.0,5.0,0.0,,,21.24,True
MRS125,Edward Ortega,TX,salary,,2025-05-30,7.8,39.0,0.0,0.0,,,21.24,True
MRS125,Edward Ortega,TX,salary,,2025-06-06,10.6,40.0,13.0,0.0,,,21.24,True
MRS126,James Holt,TX,piece_rate,decking_repair,2025-05-16,7.9,39.5,0.0,0.0,159.0,5.0,,True
MRS126,James Holt,TX,piece_rate,decking_repair,2025-05-23,7.7,38.5,0.0,0.0,136.0,5.0,,True
MRS126,James Holt,TX,piece_rate,decking_repair,2025-05-30,6.3,31.5,0.0,0.0,140.0,5.0,,True
MRS126,James Holt,TX,piece_rate,decking_repair,2025-06-06,9.2,40.0,6.0,0.0,68.0,5.0,,True
MRS127,David Marks,TX,piece_rate,tear_off,2025-05-16,7.6,38.0,0.0,0.0,131.0,1.8,,True
MRS127,David Marks,TX,piece_rate,tear_off,2025-05-23,9.4,40.0,7.0,0.0,96.0,1.8,,True
MRS127,David Marks,TX,piece_rate,tear_off,2025-05-30,7.3,36.5,0.0,0.0,169.0,1.8,,True
MRS127,David Marks,TX,piece_rate,tear_off,2025-06-06,9.3,40.0,6.5,0.0,176.0,1.8,,True
MRS128,Gabriela Fernandez,FL,salary,,2025-05-16,9.0,40.0,5.0,0.0,,,0.0,True
MRS128,Gabriela Fernandez,FL,salary,,2025-05-23,6.8,34.0,0.0,0.0,,,0.0,True
MRS128,Gabriela Fernandez,FL,salary,,2025-05-30,6.4,32.0,0.0,0.0,,,0.0,True
MRS128,Gabriela Fernandez,FL,salary,,2025-06-06,9.3,40.0,6.5,0.0,,,0.0,True
MRS129,Eric King,TX,hourly,,2025-05-16,10.6,40.0,13.0,0.0,,,27.13,True
MRS129,Eric King,TX,hourly,,2025-05-23,7.6,38.0,0.0,0.0,,,27.13,True
MRS129,Eric King,TX,hourly,,2025-05-30,9.3,40.0,6.5,0.0,,,27.13,True
MRS129,Eric King,TX,hourly,,2025-06-06,9.3,40.0,6.5,0.0,,,27.13,True
MRS130,Timothy Ortiz,FL,piece_rate,shingle_install,2025-05-16,6.6,33.0,0.0,0.0,150.0,2.8,,True
MRS130,Timothy Ortiz,FL,piece_rate,shingle_install,2025-05-23,10.7,40.0,13.5,0.0,99.0,2.8,,True
MRS130,Timothy Ortiz,FL,piece_rate,shingle_install,2025-05-30,8.8,40.0,4.0,0.0,142.0,2.8,,True
MRS130,Timothy Ortiz,FL,piece_rate,shingle_install,2025-06-06,10.0,40.0,10.0,0.0,164.0,2.8,,True
MRS131,Lauren Dodson,FL,piece_rate,ridge_cap,2025-05-16,6.6,33.0,0.0,0.0,149.0,3.5,,True
MRS131,Lauren Dodson,FL,piece_rate,ridge_cap,2025-05-23,10.1,40.0,10.5,0.0,154.0,3.5,,True
MRS131,Lauren Dodson,FL,piece_rate,ridge_cap,2025-05-30,11.0,40.0,15.0,0.0,176.0,3.5,,True
MRS131,Lauren Dodson,FL,piece_rate,ridge_cap,2025-06-06,8.6,40.0,3.0,0.0,142.0,3.5,,True
MRS132,Chad Shields,FL,piece_rate,decking_repair,2025-05-16,9.4,40.0,7.0,0.0,125.0,5.0,,True
MRS132,Chad Shields,FL,piece_rate,decking_repair,2025-05-23,7.8,46.3,0.0,0.0,106.0,5.0,,True
MRS132,Chad Shields,FL,piece_rate,decking_repair,2025-05-30,7.5,46.3,0.0,0.0,87.0,5.0,,True
MRS132,Chad Shields,FL,piece_rate,decking_repair,2025-06-06,7.7,38.5,0.0,0.0,158.0,5.0,,True
MRS133,Casey Castro,CA,hourly,,2025-05-16,8.5,40.0,0.0,0.0,,,24.31,True
MRS133,Casey Castro,CA,hourly,,2025-05-23,7.1,35.5,0.0,0.0,,,24.31,True
MRS133,Casey Castro,CA,hourly,,2025-05-30,6.7,33.5,0.0,0.0,,,24.31,True
MRS133,Casey Castro,CA,hourly,,2025-06-06,6.4,32.0,0.0,0.0,,,24.31,True
MRS134,Cindy Henry,TX,piece_rate,felt_underlayment,2025-05-16,10.2,40.0,11.0,0.0,72.0,1.2,,True
MRS134,Cindy Henry,TX,piece_rate,felt_underlayment,2025-05-23,8.5,40.0,2.5,0.0,129.0,1.2,,True
MRS134,Cindy Henry,TX,piece_rate,felt_underlayment,2025-05-30,10.2,40.0,11.0,0.0,173.0,1.2,,True
MRS134,Cindy Henry,TX,piece_rate,felt_underlayment,2025-06-06,8.6,40.0,3.0,0.0,144.0,1.2,,True
MRS135,Melody Johnson,FL,piece_rate,tear_off,2025-05-16,7.7,38.5,0.0,0.0,158.0,1.8,,True
MRS135,Melody Johnson,FL,piece_rate,tear_off,2025-05-23,9.1,40.0,5.5,0.0,136.0,1.8,,True
MRS135,Melody Johnson,FL,piece_rate,tear_off,2025-05-30,7.9,39.5,0.0,0.0,80.0,1.8,,True
MRS135,Melody Johnson,FL,piece_rate,tear_off,2025-06-06,6.9,34.5,0.0,0.0,148.0,1.8,,True
MRS136,Paula Ellis,NY,piece_rate,felt_underlayment,2025-05-16,9.9,40.0,9.5,0.0,163.0,1.2,,True
MRS136,Paula Ellis,NY,piece_rate,felt_underlayment,2025-05-23,10.5,46.3,0.0,0.0,152.0,1.2,,True
MRS136,Paula Ellis,NY,piece_rate,felt_underlayment,2025-05-30,8.2,46.3,0.0,0.0,112.0,1.2,,True
MRS136,Paula Ellis,NY,piece_rate,felt_underlayment,2025-06-06,7.8,39.0,0.0,0.0,152.0,1.2,,True
MRS137,Laura Sosa MD,TX,piece_rate,decking_repair,2025-05-16,7.2,36.0,0.0,0.0,116.0,,,True
MRS137,Laura Sosa MD,TX,piece_rate,decking_repair,2025-05-23,9.1,40.0,5.5,0.0,156.0,,,True
MRS137,Laura Sosa MD,TX,piece_rate,decking_repair,2025-05-30,9.7,40.0,8.5,0.0,117.0,,,True
MRS137,Laura Sosa MD,TX,piece_rate,decking_repair,2025-06-06,7.2,36.0,0.0,0.0,90.0,,,True
MRS138,Kristen Estrada,CA,piece_rate,decking_repair,2025-05-16,8.5,37.5,0.0,0.0,163.0,5.0,,True
MRS138,Kristen Estrada,CA,piece_rate,decking_repair,2025-05-23,9.9,40.0,9.5,0.0,175.0,5.0,,True
MRS138,Kristen Estrada,CA,piece_rate,decking_repair,2025-05-30,10.2,40.0,11.0,0.0,20.0,0.15,,True
MRS138,Kristen Estrada,CA,piece_rate,decking_repair,2025-06-06,9.4,40.0,7.0,0.0,20.0,0.15,,True
MRS139,Carrie Butler,CA,piece_rate,decking_repair,2025-05-16,10.9,40.0,14.5,0.0,119.0,5.0,,True
MRS139,Carrie Butler,CA,piece_rate,decking_repair,2025-05-23,9.8,40.0,9.0,0.0,159.0,5.0,,True
MRS139,Carrie Butler,CA,piece_rate,decking_repair,2025-05-30,7.9,39.5,0.0,0.0,127.0,5.0,,True
MRS139,Carrie Butler,CA,piece_rate,decking_repair,2025-06-06,8.1,40.0,0.5,0.0,80.0,5.0,,True
MRS140,Abigail Anderson,CA,hourly,,2025-05-16,8.5,40.0,0.0,0.0,,,24.3,True
MRS140,Abigail Anderson,CA,hourly,,2025-05-23,10.0,40.0,10.0,0.0,,,24.3,True
MRS140,Abigail Anderson,CA,hourly,,2025-05-30,6.7,33.5,0.0,0.0,,,24.3,True
MRS140,Abigail Anderson,CA,hourly,,2025-06-06,7.3,36.5,0.0,0.0,,,24.3,True
MRS141,Roy Long,FL,hourly,,2025-05-16,9.2,40.0,6.0,0.0,,,24.4,True
MRS141,Roy Long,FL,hourly,,2025-05-23,10.4,46.3,0.0,0.0,,,24.4,True
MRS141,Roy Long,FL,hourly,,2025-05-30,8.8,46.3,0.0,0.0,,,24.4,True
MRS141,Roy Long,FL,hourly,,2025-06-06,6.5,32.5,0.0,0.0,,,24.4,True
MRS142,Jenny Caldwell,CA,hourly,,2025-05-16,10.2,40.0,11.0,0.0,,,0.0,True
MRS142,Jenny Caldwell,CA,hourly,,2025-05-23,10.3,40.0,11.5,0.0,,,0.0,True
MRS142,Jenny Caldwell,CA,hourly,,2025-05-30,7.4,37.0,0.0,0.0,,,0.0,True
MRS142,Jenny Caldwell,CA,hourly,,2025-06-06,9.8,40.0,9.0,0.0,,,0.0,True
MRS143,Margaret Holt,WA,piece_rate,shingle_install,2025-05-16,7.4,37.0,0.0,0.0,175.0,2.8,,True
MRS143,Margaret Holt,WA,piece_rate,shingle_install,2025-05-23,8.6,46.3,0.0,0.0,166.0,2.8,,True
MRS143,Margaret Holt,WA,piece_rate,shingle_install,2025-05-30,8.2,46.3,0.0,0.0,176.0,2.8,,True
MRS143,Margaret Holt,WA,piece_rate,shingle_install,2025-06-06,7.1,35.5,0.0,0.0,117.0,2.8,,True
MRS144,Julie Edwards,TX,piece_rate,tear_off,2025-05-16,10.4,40.0,12.0,0.0,179.0,1.8,,True
MRS144,Julie Edwards,TX,piece_rate,tear_off,2025-05-23,6.1,30.5,0.0,0.0,66.0,1.8,,True
MRS144,Julie Edwards,TX,piece_rate,tear_off,2025-05-30,8.0,40.0,0.0,0.0,107.0,1.8,,True
MRS144,Julie Edwards,TX,piece_rate,tear_off,2025-06-06,7.2,36.0,0.0,0.0,70.0,1.8,,True
MRS145,Joy Douglas,CA,piece_rate,flashing,2025-05-16,7.9,39.5,0.0,0.0,63.0,4.0,,True
MRS145,Joy Douglas,CA,piece_rate,flashing,2025-05-23,7.6,38.0,0.0,0.0,72.0,4.0,,True
MRS145,Joy Douglas,CA,piece_rate,flashing,2025-05-30,10.2,40.0,11.0,0.0,143.0,4.0,,True
MRS145,Joy Douglas,CA,piece_rate,flashing,2025-06-06,7.7,38.5,0.0,0.0,78.0,4.0,,True
MRS146,Jessica Mcbride,TX,hourly,,2025-05-16,6.7,33.5,0.0,0.0,,,17.06,True
MRS146,Jessica Mcbride,TX,hourly,,2025-05-23,7.4,37.0,0.0,0.0,,,17.06,True
MRS146,Jessica Mcbride,TX,hourly,,2025-05-30,10.1,40.0,10.5,0.0,,,17.06,True
MRS146,Jessica Mcbride,TX,hourly,,2025-06-06,9.5,40.0,7.5,0.0,,,17.06,True
MRS147,Ronald Rivera,FL,piece_rate,shingle_install,2025-05-16,6.7,33.5,0.0,0.0,150.0,2.8,,True
MRS147,Ronald Rivera,FL,piece_rate,shingle_install,2025-05-23,8.3,40.0,1.5,0.0,138.0,2.8,,True
MRS147,Ronald Rivera,FL,piece_rate,shingle_install,2025-05-30,6.0,30.0,0.0,0.0,70.0,2.8,,True
MRS147,Ronald Rivera,FL,piece_rate,shingle_install,2025-06-06,6.1,30.5,0.0,0.0,87.0,2.8,,True
MRS148,Ann Fitzgerald,FL,piece_rate,decking_repair,2025-05-16,10.2,40.0,11.0,0.0,130.0,5.0,,True
MRS148,Ann Fitzgerald,FL,piece_rate,decking_repair,2025-05-23,10.7,40.0,13.5,0.0,137.0,5.0,,True
MRS148,Ann Fitzgerald,FL,piece_rate,decking_repair,2025-05-30,8.6,40.0,3.0,0.0,74.0,5.0,,True
MRS148,Ann Fitzgerald,FL,piece_rate,decking_repair,2025-06-06,9.9,40.0,9.5,0.0,90.0,5.0,,True
MRS149,Christine Bentley,TX,hourly,,2025-05-16,7.5,37.5,0.0,0.0,,,27.09,True
MRS149,Christine Bentley,TX,hourly,,2025-05-23,6.2,46.3,0.0,0.0,,,27.09,True
MRS149,Christine Bentley,TX,hourly,,2025-05-30,8.1,46.3,0.0,0.0,,,27.09,True
MRS149,Christine Bentley,TX,hourly,,2025-06-06,10.0,40.0,10.0,0.0,,,27.09,True
MRS150,Corey Mccoy,CA,hourly,,2025-05-16,8.3,40.0,1.5,0.0,,,24.34,True
MRS150,Corey Mccoy,CA,hourly,,2025-05-23,6.6,33.0,0.0,0.0,,,24.34,True
MRS150,Corey Mccoy,CA,hourly,,2025-05-30,10.5,40.0,12.5,0.0,,,24.34,True
MRS150,Corey Mccoy,CA,hourly,,2025-06-06,9.0,40.0,5.0,0.0,,,24.34,True
MRS151,Christopher Glenn,WA,piece_rate,flashing,2025-05-16,6.1,30.5,0.0,0.0,125.0,4.0,,True
MRS151,Christopher Glenn,WA,piece_rate,flashing,2025-05-23,8.9,40.0,4.5,0.0,151.0,4.0,,True
MRS151,Christopher Glenn,WA,piece_rate,flashing,2025-05-30,6.7,33.5,0.0,0.0,114.0,4.0,,True
MRS151,Christopher Glenn,WA,piece_rate,flashing,2025-06-06,6.0,30.0,0.0,0.0,105.0,4.0,,True
MRS152,Kelly Shields,FL,piece_rate,tear_off,2025-05-16,7.2,36.0,0.0,0.0,113.0,1.8,,True
MRS152,Kelly Shields,FL,piece_rate,tear_off,2025-05-23,6.9,34.5,0.0,0.0,145.0,1.8,,True
MRS152,Kelly Shields,FL,piece_rate,tear_off,2025-05-30,6.4,32.0,0.0,0.0,106.0,1.8,,True
MRS152,Kelly Shields,FL,piece_rate,tear_off,2025-06-06,6.3,31.5,0.0,0.0,127.0,1.8,,True
MRS153,Kelly Howe,TX,salary,,2025-05-16,8.7,40.0,3.5,0.0,,,26.87,True
MRS153,Kelly Howe,TX,salary,,2025-05-23,9.9,40.0,9.5,0.0,,,26.87,True
MRS153,Kelly Howe,TX,salary,,2025-05-30,8.5,40.0,2.5,0.0,,,26.87,True
MRS153,Kelly Howe,TX,salary,,2025-06-06,6.1,30.5,0.0,0.0,,,26.87,True
MRS154,Lucas Wright,FL,piece_rate,ridge_cap,2025-05-16,10.4,40.0,12.0,0.0,65.0,3.5,,True
MRS154,Lucas Wright,FL,piece_rate,ridge_cap,2025-05-23,9.2,40.0,6.0,0.0,107.0,3.5,,True
MRS154,Lucas Wright,FL,piece_rate,ridge_cap,2025-05-30,7.3,36.5,0.0,0.0,62.0,3.5,,True
MRS154,Lucas Wright,FL,piece_rate,ridge_cap,2025-06-06,7.8,39.0,0.0,0.0,68.0,3.5,,True
MRS155,Jesse Norton,FL,contract,ridge_cap,2025-05-16,7.7,38.5,0.0,0.0,153.0,3.5,,True
MRS155,Jesse Norton,FL,contract,ridge_cap,2025-05-23,9.3,40.0,6.5,0.0,73.0,3.5,,True
MRS155,Jesse Norton,FL,contract,ridge_cap,2025-05-30,9.9,40.0,9.5,0.0,154.0,3.5,,True
MRS155,Jesse Norton,FL,contract,ridge_cap,2025-06-06,9.8,40.0,9.0,0.0,77.0,3.5,,True
MRS156,Mark Wilson,FL,piece_rate,decking_repair,2025-05-16,6.2,31.0,0.0,0.0,129.0,5.0,,True
MRS156,Mark Wilson,FL,piece_rate,decking_repair,2025-05-23,7.7,38.5,0.0,0.0,142.0,5.0,,True
MRS156,Mark Wilson,FL,piece_rate,decking_repair,2025-05-30,6.9,34.5,0.0,0.0,159.0,5.0,,True
MRS156,Mark Wilson,FL,piece_rate,decking_repair,2025-06-06,9.4,40.0,7.0,0.0,149.0,5.0,,True
MRS157,Christopher Perkins,CA,piece_rate,decking_repair,2025-05-16,8.4,40.0,2.0,0.0,83.0,5.0,,True
MRS157,Christopher Perkins,CA,piece_rate,decking_repair,2025-05-23,10.1,46.3,0.0,0.0,68.0,5.0,,True
MRS157,Christopher Perkins,CA,piece_rate,decking_repair,2025-05-30,9.6,46.3,0.0,0.0,180.0,5.0,,True
MRS157,Christopher Perkins,CA,piece_rate,decking_repair,2025-06-06,8.3,40.0,1.5,0.0,97.0,5.0,,True
MRS158,Megan Wilson,CA,piece_rate,ridge_cap,2025-05-16,7.0,35.0,0.0,0.0,161.0,3.5,,True
MRS158,Megan Wilson,CA,piece_rate,ridge_cap,2025-05-23,7.0,35.0,0.0,0.0,65.0,3.5,,True
MRS158,Megan Wilson,CA,piece_rate,ridge_cap,2025-05-30,7.6,38.0,0.0,0.0,99.0,3.5,,True
MRS158,Megan Wilson,CA,piece_rate,ridge_cap,2025-06-06,12.8,40.0,3.0,0.0,164.0,3.5,,True
MRS159,Joanne Oliver,NY,hourly,,2025-05-16,8.7,40.0,3.5,0.0,,,19.54,True
MRS159,Joanne Oliver,NY,hourly,,2025-05-23,7.3,36.5,0.0,0.0,,,19.54,True
MRS159,Joanne Oliver,NY,hourly,,2025-05-30,9.8,40.0,9.0,0.0,,,19.54,True
MRS159,Joanne Oliver,NY,hourly,,2025-06-06,7.0,35.0,0.0,0.0,,,19.54,True
MRS160,Michael Harper,FL,piece_rate,shingle_install,2025-05-16,7.8,39.0,0.0,0.0,159.0,2.8,,True
MRS160,Michael Harper,FL,piece_rate,shingle_install,2025-05-23,6.2,31.0,0.0,0.0,143.0,2.8,,True
MRS160,Michael Harper,FL,piece_rate,shingle_install,2025-05-30,7.7,38.5,0.0,0.0,75.0,2.8,,True
MRS160,Michael Harper,FL,piece_rate,shingle_install,2025-06-06,10.0,40.0,10.0,0.0,115.0,2.8,,True
MRS161,Shirley Calderon,TX,piece_rate,flashing,2025-05-16,10.4,40.0,12.0,0.0,155.0,4.0,,True
MRS161,Shirley Calderon,TX,piece_rate,flashing,2025-05-23,8.2,40.0,1.0,0.0,109.0,4.0,,True
MRS161,Shirley Calderon,TX,piece_rate,flashing,2025-05-30,7.7,38.5,0.0,0.0,83.0,4.0,,True
MRS161,Shirley Calderon,TX,piece_rate,flashing,2025-06-06,8.5,40.0,2.5,0.0,123.0,4.0,,True
MRS162,Miss Sarah Maxwell,TX,piece_rate,flashing,2025-05-16,7.8,39.0,0.0,0.0,162.0,4.0,,True
MRS162,Miss Sarah Maxwell,TX,piece_rate,flashing,2025-05-23,8.6,40.0,3.0,0.0,162.0,4.0,,True
MRS162,Miss Sarah Maxwell,TX,piece_rate,flashing,2025-05-30,6.4,32.0,0.0,0.0,114.0,4.0,,True
MRS162,Miss Sarah Maxwell,TX,piece_rate,flashing,2025-06-06,6.4,32.0,0.0,0.0,137.0,4.0,,True
MRS163,Tracy Thomas,TX,piece_rate,decking_repair,2025-05-16,11.0,40.0,15.0,0.0,83.0,5.0,,True
MRS163,Tracy Thomas,TX,piece_rate,decking_repair,2025-05-23,8.7,40.0,3.5,0.0,101.0,5.0,,True
MRS163,Tracy Thomas,TX,piece_rate,decking_repair,2025-05-30,6.5,32.5,0.0,0.0,101.0,5.0,,True
MRS163,Tracy Thomas,TX,piece_rate,decking_repair,2025-06-06,9.3,40.0,6.5,0.0,99.0,5.0,,True
MRS164,Christopher Parker,CA,piece_rate,tear_off,2025-05-16,8.2,40.0,1.0,0.0,151.0,1.8,,True
MRS164,Christopher Parker,CA,piece_rate,tear_off,2025-05-23,8.1,46.3,0.0,0.0,148.0,1.8,,True
MRS164,Christopher Parker,CA,piece_rate,tear_off,2025-05-30,8.2,46.3,0.0,0.0,117.0,1.8,,True
MRS164,Christopher Parker,CA,piece_rate,tear_off,2025-06-06,6.2,31.0,0.0,0.0,171.0,1.8,,True
MRS165,Sara Sosa,TX,hourly,,2025-05-16,10.6,40.0,13.0,0.0,,,20.28,True
MRS165,Sara Sosa,TX,hourly,,2025-05-23,9.1,40.0,5.5,0.0,,,20.28,True
MRS165,Sara Sosa,TX,hourly,,2025-05-30,8.2,40.0,1.0,0.0,,,20.28,True
MRS165,Sara Sosa,TX,hourly,,2025-06-06,9.2,40.0,6.0,0.0,,,20.28,True
MRS166,Sharon Hernandez,TX,piece_rate,flashing,2025-05-16,10.0,40.0,10.0,0.0,67.0,4.0,,True
MRS166,Sharon Hernandez,TX,piece_rate,flashing,2025-05-23,6.4,32.0,0.0,0.0,141.0,4.0,,True
MRS166,Sharon Hernandez,TX,piece_rate,flashing,2025-05-30,8.0,40.0,0.0,0.0,125.0,4.0,,True
MRS166,Sharon Hernandez,TX,piece_rate,flashing,2025-06-06,10.0,40.0,10.0,0.0,146.0,4.0,,True
MRS167,Susan Kemp,TX,piece_rate,tear_off,2025-05-16,6.8,34.0,0.0,0.0,63.0,1.8,,True
MRS167,Susan Kemp,TX,piece_rate,tear_off,2025-05-23,6.7,33.5,0.0,0.0,137.0,1.8,,True
MRS167,Susan Kemp,TX,piece_rate,tear_off,2025-05-30,9.4,40.0,7.0,0.0,116.0,1.8,,True
MRS167,Susan Kemp,TX,piece_rate,tear_off,2025-06-06,6.2,31.0,0.0,0.0,68.0,1.8,,True
MRS168,Ashley Baker,NY,piece_rate,ridge_cap,2025-05-16,7.2,36.0,0.0,0.0,142.0,3.5,,True
MRS168,Ashley Baker,NY,piece_rate,ridge_cap,2025-05-23,7.8,39.0,0.0,0.0,109.0,3.5,,True
MRS168,Ashley Baker,NY,piece_rate,ridge_cap,2025-05-30,10.7,40.0,13.5,0.0,64.0,3.5,,True
MRS168,Ashley Baker,NY,piece_rate,ridge_cap,2025-06-06,9.0,40.0,5.0,0.0,146.0,3.5,,True
MRS169,Christopher Fischer,TX,hourly,,2025-05-16,8.2,40.0,1.0,0.0,,,0.0,True
MRS169,Christopher Fischer,TX,hourly,,2025-05-23,7.9,39.5,0.0,0.0,,,0.0,True
MRS169,Christopher Fischer,TX,hourly,,2025-05-30,8.2,40.0,1.0,0.0,,,0.0,True
MRS169,Christopher Fischer,TX,hourly,,2025-06-06,6.4,32.0,0.0,0.0,,,0.0,True
MRS170,Danielle Chavez,FL,piece_rate,flashing,2025-05-16,6.7,33.5,0.0,0.0,106.0,4.0,,True
MRS170,Danielle Chavez,FL,piece_rate,flashing,2025-05-23,8.0,40.0,0.0,0.0,143.0,4.0,,True
MRS170,Danielle Chavez,FL,piece_rate,flashing,2025-05-30,7.4,37.0,0.0,0.0,74.0,4.0,,True
MRS170,Danielle Chavez,FL,piece_rate,flashing,2025-06-06,6.1,30.5,0.0,0.0,83.0,4.0,,True
MRS171,Alexandra Washington,WA,salary,,2025-05-16,8.5,40.0,2.5,0.0,,,17.3,True
MRS171,Alexandra Washington,WA,salary,,2025-05-23,7.9,46.3,0.0,0.0,,,17.3,True
MRS171,Alexandra Washington,WA,salary,,2025-05-30,8.8,46.3,0.0,0.0,,,17.3,True
MRS171,Alexandra Washington,WA,salary,,2025-06-06,7.3,36.5,0.0,0.0,,,17.3,True
MRS172,Ryan Lucas,TX,contract,shingle_install,2025-05-16,7.3,36.5,0.0,0.0,117.0,2.8,,True
MRS172,Ryan Lucas,TX,contract,shingle_install,2025-05-23,7.1,35.5,0.0,0.0,138.0,2.8,,True
MRS172,Ryan Lucas,TX,contract,shingle_install,2025-05-30,7.4,37.0,0.0,0.0,177.0,2.8,,True
MRS172,Ryan Lucas,TX,contract,shingle_install,2025-06-06,11.0,40.0,15.0,0.0,85.0,2.8,,True
MRS173,Elizabeth Green,CA,piece_rate,flashing,2025-05-16,8.5,33.0,0.0,0.0,169.0,4.0,,True
MRS173,Elizabeth Green,CA,piece_rate,flashing,2025-05-23,6.4,32.0,0.0,0.0,82.0,4.0,,True
MRS173,Elizabeth Green,CA,piece_rate,flashing,2025-05-30,10.5,40.0,12.5,0.0,116.0,4.0,,True
MRS173,Elizabeth Green,CA,piece_rate,flashing,2025-06-06,11.0,40.0,15.0,0.0,163.0,4.0,,True
MRS174,Joseph Frederick,CA,piece_rate,ridge_cap,2025-05-16,9.4,40.0,7.0,0.0,168.0,3.5,,True
MRS174,Joseph Frederick,CA,piece_rate,ridge_cap,2025-05-23,10.9,40.0,14.5,0.0,145.0,3.5,,True
MRS174,Joseph Frederick,CA,piece_rate,ridge_cap,2025-05-30,7.7,38.5,0.0,0.0,68.0,3.5,,True
MRS174,Joseph Frederick,CA,piece_rate,ridge_cap,2025-06-06,8.7,40.0,3.5,0.0,97.0,3.5,,True
MRS175,Julie Livingston,CA,piece_rate,flashing,2025-05-16,10.5,40.0,12.5,0.0,168.0,4.0,,True
MRS175,Julie Livingston,CA,piece_rate,flashing,2025-05-23,6.8,34.0,0.0,0.0,150.0,4.0,,True
MRS175,Julie Livingston,CA,piece_rate,flashing,2025-05-30,10.6,40.0,13.0,0.0,20.0,0.15,,True
MRS175,Julie Livingston,CA,piece_rate,flashing,2025-06-06,6.9,34.5,0.0,0.0,20.0,0.15,,True
MRS176,Mrs. Jocelyn Aguilar,CA,salary,,2025-05-16,8.5,40.0,2.5,0.0,,,19.77,True
MRS176,Mrs. Jocelyn Aguilar,CA,salary,,2025-05-23,6.6,33.0,0.0,0.0,,,19.77,True
MRS176,Mrs. Jocelyn Aguilar,CA,salary,,2025-05-30,7.0,35.0,0.0,0.0,,,19.77,True
MRS176,Mrs. Jocelyn Aguilar,CA,salary,,2025-06-06,6.7,33.5,0.0,0.0,,,19.77,True
MRS177,Michelle Howard,CA,hourly,,2025-05-16,10.0,40.0,10.0,0.0,,,17.57,True
MRS177,Michelle Howard,CA,hourly,,2025-05-23,6.1,30.5,0.0,0.0,,,17.57,True
MRS177,Michelle Howard,CA,hourly,,2025-05-30,8.8,40.0,4.0,0.0,,,17.57,True
MRS177,Michelle Howard,CA,hourly,,2025-06-06,7.8,39.0,0.0,0.0,,,17.57,True
MRS178,Ryan Anderson,WA,piece_rate,shingle_install,2025-05-16,10.0,40.0,10.0,0.0,130.0,2.8,,True
MRS178,Ryan Anderson,WA,piece_rate,shingle_install,2025-05-23,6.6,33.0,0.0,0.0,173.0,2.8,,True
MRS178,Ryan Anderson,WA,piece_rate,shingle_install,2025-05-30,6.4,32.0,0.0,0.0,99.0,2.8,,True
MRS178,Ryan Anderson,WA,piece_rate,shingle_install,2025-06-06,8.0,40.0,0.0,0.0,151.0,2.8,,True
MRS179,William Carr,FL,piece_rate,shingle_install,2025-05-16,9.6,40.0,8.0,0.0,127.0,2.8,,True
MRS179,William Carr,FL,piece_rate,shingle_install,2025-05-23,8.1,40.0,0.5,0.0,112.0,2.8,,True
MRS179,William Carr,FL,piece_rate,shingle_install,2025-05-30,10.1,40.0,10.5,0.0,69.0,2.8,,True
MRS179,William Carr,FL,piece_rate,shingle_install,2025-06-06,6.6,33.0,0.0,0.0,100.0,2.8,,True
MRS180,Kari Myers,WA,hourly,,2025-05-16,9.2,40.0,6.0,0.0,,,23.83,True
MRS180,Kari Myers,WA,hourly,,2025-05-23,8.2,40.0,1.0,0.0,,,23.83,True
MRS180,Kari Myers,WA,hourly,,2025-05-30,9.4,40.0,7.0,0.0,,,23.83,True
MRS180,Kari Myers,WA,hourly,,2025-06-06,7.7,38.5,0.0,0.0,,,23.83,True
MRS181,Michael Harris,CA,piece_rate,shingle_install,2025-05-16,8.5,40.0,0.0,0.0,159.0,2.8,,True
MRS181,Michael Harris,CA,piece_rate,shingle_install,2025-05-23,8.8,40.0,4.0,0.0,135.0,2.8,,True
MRS181,Michael Harris,CA,piece_rate,shingle_install,2025-05-30,6.9,34.5,0.0,0.0,76.0,2.8,,True
MRS181,Michael Harris,CA,piece_rate,shingle_install,2025-06-06,8.2,40.0,1.0,0.0,176.0,2.8,,True
MRS182,Paul Carter,TX,piece_rate,decking_repair,2025-05-16,10.3,40.0,11.5,0.0,166.0,,,True
MRS182,Paul Carter,TX,piece_rate,decking_repair,2025-05-23,6.6,33.0,0.0,0.0,79.0,,,True
MRS182,Paul Carter,TX,piece_rate,decking_repair,2025-05-30,7.5,37.5,0.0,0.0,80.0,,,True
MRS182,Paul Carter,TX,piece_rate,decking_repair,2025-06-06,7.6,38.0,0.0,0.0,150.0,,,True
MRS183,Donald Gray,CA,piece_rate,tear_off,2025-05-16,7.1,35.5,0.0,0.0,180.0,1.8,,False
MRS183,Donald Gray,CA,piece_rate,tear_off,2025-05-23,8.6,40.0,3.0,0.0,96.0,1.8,,True
MRS183,Donald Gray,CA,piece_rate,tear_off,2025-05-30,10.2,40.0,11.0,0.0,92.0,1.8,,False
MRS183,Donald Gray,CA,piece_rate,tear_off,2025-06-06,7.0,35.0,0.0,0.0,130.0,1.8,,True
MRS184,Jeanne Jordan,FL,piece_rate,shingle_install,2025-05-16,7.4,37.0,0.0,0.0,140.0,2.8,,True
MRS184,Jeanne Jordan,FL,piece_rate,shingle_install,2025-05-23,7.5,37.5,0.0,0.0,128.0,2.8,,True
MRS184,Jeanne Jordan,FL,piece_rate,shingle_install,2025-05-30,6.5,32.5,0.0,0.0,142.0,2.8,,True
MRS184,Jeanne Jordan,FL,piece_rate,shingle_install,2025-06-06,6.8,34.0,0.0,0.0,180.0,2.8,,True
MRS185,Austin Fox,FL,hourly,,2025-05-16,8.9,40.0,4.5,0.0,,,18.19,True
MRS185,Austin Fox,FL,hourly,,2025-05-23,6.9,34.5,0.0,0.0,,,18.19,True
MRS185,Austin Fox,FL,hourly,,2025-05-30,9.1,40.0,5.5,0.0,,,18.19,True
MRS185,Austin Fox,FL,hourly,,2025-06-06,10.5,40.0,12.5,0.0,,,18.19,True
MRS186,Judy Henry,CA,piece_rate,decking_repair,2025-05-16,7.7,38.5,0.0,0.0,178.0,5.0,,True
MRS186,Judy Henry,CA,piece_rate,decking_repair,2025-05-23,8.8,40.0,4.0,0.0,165.0,5.0,,True
MRS186,Judy Henry,CA,piece_rate,decking_repair,2025-05-30,10.3,40.0,11.5,0.0,70.0,5.0,,True
MRS186,Judy Henry,CA,piece_rate,decking_repair,2025-06-06,6.2,31.0,0.0,0.0,142.0,5.0,,True
MRS187,Jessica Maddox,WA,piece_rate,decking_repair,2025-05-16,9.9,40.0,9.5,0.0,93.0,5.0,,True
MRS187,Jessica Maddox,WA,piece_rate,decking_repair,2025-05-23,9.3,40.0,6.5,0.0,158.0,5.0,,True
MRS187,Jessica Maddox,WA,piece_rate,decking_repair,2025-05-30,8.9,40.0,4.5,0.0,139.0,5.0,,True
MRS187,Jessica Maddox,WA,piece_rate,decking_repair,2025-06-06,9.2,40.0,6.0,0.0,123.0,5.0,,True
MRS188,Austin Murphy,CA,piece_rate,decking_repair,2025-05-16,10.4,40.0,12.0,0.0,129.0,5.0,,False
MRS188,Austin Murphy,CA,piece_rate,decking_repair,2025-05-23,7.4,37.0,0.0,0.0,98.0,5.0,,True
MRS188,Austin Murphy,CA,piece_rate,decking_repair,2025-05-30,8.4,40.0,2.0,0.0,163.0,5.0,,False
MRS188,Austin Murphy,CA,piece_rate,decking_repair,2025-06-06,10.0,40.0,10.0,0.0,111.0,5.0,,True
MRS189,Tammy Patel,CA,piece_rate,ridge_cap,2025-05-16,7.5,37.5,0.0,0.0,69.0,3.5,,True
MRS189,Tammy Patel,CA,piece_rate,ridge_cap,2025-05-23,9.4,40.0,7.0,0.0,80.0,3.5,,True
MRS189,Tammy Patel,CA,piece_rate,ridge_cap,2025-05-30,8.2,40.0,1.0,0.0,121.0,3.5,,True
MRS189,Tammy Patel,CA,piece_rate,ridge_cap,2025-06-06,12.8,40.0,1.5,0.0,103.0,3.5,,True
MRS190,Amanda Carlson,NY,piece_rate,shingle_install,2025-05-16,9.0,40.0,5.0,0.0,100.0,2.8,,True
MRS190,Amanda Carlson,NY,piece_rate,shingle_install,2025-05-23,10.3,40.0,11.5,0.0,100.0,2.8,,True
MRS190,Amanda Carlson,NY,piece_rate,shingle_install,2025-05-30,9.7,40.0,8.5,0.0,20.0,0.15,,True
MRS190,Amanda Carlson,NY,piece_rate,shingle_install,2025-06-06,7.7,38.5,0.0,0.0,20.0,0.15,,True
MRS191,Amy Jones,FL,contract,shingle_install,2025-05-16,6.7,33.5,0.0,0.0,107.0,2.8,,True
MRS191,Amy Jones,FL,contract,shingle_install,2025-05-23,8.6,40.0,3.0,0.0,73.0,2.8,,True
MRS191,Amy Jones,FL,contract,shingle_install,2025-05-30,7.6,38.0,0.0,0.0,119.0,2.8,,True
MRS191,Amy Jones,FL,contract,shingle_install,2025-06-06,6.6,33.0,0.0,0.0,117.0,2.8,,True
MRS192,Joseph Armstrong,CA,piece_rate,ridge_cap,2025-05-16,7.2,36.0,0.0,0.0,72.0,3.5,,True
MRS192,Joseph Armstrong,CA,piece_rate,ridge_cap,2025-05-23,6.3,31.5,0.0,0.0,109.0,3.5,,True
MRS192,Joseph Armstrong,CA,piece_rate,ridge_cap,2025-05-30,10.3,40.0,11.5,0.0,20.0,0.15,,True
MRS192,Joseph Armstrong,CA,piece_rate,ridge_cap,2025-06-06,7.2,36.0,0.0,0.0,20.0,0.15,,True
MRS193,Rachel Hurst,CA,piece_rate,shingle_install,2025-05-16,10.5,40.0,12.5,0.0,164.0,2.8,,True
MRS193,Rachel Hurst,CA,piece_rate,shingle_install,2025-05-23,7.6,38.0,0.0,0.0,133.0,2.8,,True
MRS193,Rachel Hurst,CA,piece_rate,shingle_install,2025-05-30,9.6,40.0,8.0,0.0,84.0,2.8,,True
MRS193,Rachel Hurst,CA,piece_rate,shingle_install,2025-06-06,9.8,40.0,9.0,0.0,123.0,2.8,,True
MRS194,John Baker,NY,piece_rate,shingle_install,2025-05-16,11.0,40.0,15.0,0.0,119.0,2.8,,True
MRS194,John Baker,NY,piece_rate,shingle_install,2025-05-23,8.5,40.0,2.5,0.0,99.0,2.8,,True
MRS194,John Baker,NY,piece_rate,shingle_install,2025-05-30,8.5,40.0,2.5,0.0,71.0,2.8,,True
MRS194,John Baker,NY,piece_rate,shingle_install,2025-06-06,10.7,40.0,13.5,0.0,124.0,2.8,,True
MRS195,David Davis,TX,piece_rate,flashing,2025-05-16,8.3,40.0,1.5,0.0,90.0,4.0,,True
MRS195,David Davis,TX,piece_rate,flashing,2025-05-23,7.1,35.5,0.0,0.0,105.0,4.0,,True
MRS195,David Davis,TX,piece_rate,flashing,2025-05-30,6.2,31.0,0.0,0.0,96.0,4.0,,True
MRS195,David Davis,TX,piece_rate,flashing,2025-06-06,8.5,40.0,2.5,0.0,172.0,4.0,,True
MRS196,Jason Anderson,FL,piece_rate,decking_repair,2025-05-16,10.2,40.0,11.0,0.0,146.0,5.0,,True
MRS196,Jason Anderson,FL,piece_rate,decking_repair,2025-05-23,8.4,46.3,0.0,0.0,128.0,5.0,,True
MRS196,Jason Anderson,FL,piece_rate,decking_repair,2025-05-30,6.0,46.3,0.0,0.0,73.0,5.0,,True
MRS196,Jason Anderson,FL,piece_rate,decking_repair,2025-06-06,8.2,40.0,1.0,0.0,172.0,5.0,,True
MRS197,Jonathan Perkins,TX,piece_rate,tear_off,2025-05-16,7.3,36.5,0.0,0.0,106.0,1.8,,True
MRS197,Jonathan Perkins,TX,piece_rate,tear_off,2025-05-23,9.8,40.0,9.0,0.0,106.0,1.8,,True
MRS197,Jonathan Perkins,TX,piece_rate,tear_off,2025-05-30,6.2,31.0,0.0,0.0,66.0,1.8,,True
MRS197,Jonathan Perkins,TX,piece_rate,tear_off,2025-05-30,6.2,31.0,0.0,0.0,66.0,1.8,,True
MRS197,Jonathan Perkins,TX,piece_rate,tear_off,2025-06-06,8.9,40.0,4.5,0.0,84.0,1.8,,True
MRS198,John Chang,NY,piece_rate,flashing,2025-05-16,7.8,39.0,0.0,0.0,96.0,4.0,,True
MRS198,John Chang,NY,piece_rate,flashing,2025-05-23,6.4,32.0,0.0,0.0,124.0,4.0,,True
MRS198,John Chang,NY,piece_rate,flashing,2025-05-30,8.3,40.0,1.5,0.0,130.0,4.0,,True
MRS198,John Chang,NY,piece_rate,flashing,2025-06-06,7.4,37.0,0.0,0.0,139.0,4.0,,True
MRS199,Mr. Luis Martinez IV,TX,piece_rate,tear_off,2025-05-16,9.4,40.0,7.0,0.0,75.0,1.8,,True
MRS199,Mr. Luis Martinez IV,TX,piece_rate,tear_off,2025-05-23,6.6,33.0,0.0,0.0,72.0,1.8,,True
MRS199,Mr. Luis Martinez IV,TX,piece_rate,tear_off,2025-05-30,8.0,40.0,0.0,0.0,161.0,1.8,,True
MRS199,Mr. Luis Martinez IV,TX,piece_rate,tear_off,2025-06-06,10.9,40.0,14.5,0.0,131.0,1.8,,True
MRS200,Molly Ford,CA,piece_rate,shingle_install,2025-05-16,10.7,40.0,13.5,0.0,156.0,2.8,,True
MRS200,Molly Ford,CA,piece_rate,shingle_install,2025-05-23,6.7,33.5,0.0,0.0,137.0,2.8,,True
MRS200,Molly Ford,CA,piece_rate,shingle_install,2025-05-30,8.5,40.0,2.5,0.0,124.0,2.8,,True
MRS200,Molly Ford,CA,piece_rate,shingle_install,2025-06-06,6.2,31.0,0.0,0.0,64.0,2.8,,True
